id,name,images,added_date,release_date,url,artist,popularity,danceability,energy,key,loudness,mode,speechiness,acousticness,instrumentalness,liveness,valence,tempo,type,uri,track_href,analysis_url,duration_ms,time_signature
32OlwWuMpZ6b0aN2RZOeMS,Uptown Funk (feat. Bruno Mars),"[{'height': 640, 'url': 'https://i.scdn.co/image/ab67616d0000b273e419ccba0baa8bd3f3d7abf2', 'width': 640}, {'height': 300, 'url': 'https://i.scdn.co/image/ab67616d00001e02e419ccba0baa8bd3f3d7abf2', 'width': 300}, {'height': 64, 'url': 'https://i.scdn.co/image/ab67616d00004851e419ccba0baa8bd3f3d7abf2', 'width': 64}]",2020-06-20T06:19:41Z,2015-01-12,https://open.spotify.com/track/32OlwWuMpZ6b0aN2RZOeMS,3hv9jJF3adDNsBSIQDqcjp,85,0.856,0.609,0,-7.223,1,0.0824,0.00801,8.15e-05,0.0344,0.928,114.988,audio_features,spotify:track:32OlwWuMpZ6b0aN2RZOeMS,https://api.spotify.com/v1/tracks/32OlwWuMpZ6b0aN2RZOeMS,https://api.spotify.com/v1/audio-analysis/32OlwWuMpZ6b0aN2RZOeMS,269667,4
34gCuhDGsG4bRPIf9bb02f,Thinking out Loud,"[{'height': 640, 'url': 'https://i.scdn.co/image/ab67616d0000b27313b3e37318a0c247b550bccd', 'width': 640}, {'height': 300, 'url': 'https://i.scdn.co/image/ab67616d00001e0213b3e37318a0c247b550bccd', 'width': 300}, {'height': 64, 'url': 'https://i.scdn.co/image/ab67616d0000485113b3e37318a0c247b550bccd', 'width': 64}]",2020-06-20T06:19:41Z,2014-06-21,https://open.spotify.com/track/34gCuhDGsG4bRPIf9bb02f,6eUKZXaKkcviH0Ku9w2n3V,85,0.781,0.445,2,-6.061,1,0.0295,0.474,0.0,0.184,0.591,78.998,audio_features,spotify:track:34gCuhDGsG4bRPIf9bb02f,https://api.spotify.com/v1/tracks/34gCuhDGsG4bRPIf9bb02f,https://api.spotify.com/v1/audio-analysis/34gCuhDGsG4bRPIf9bb02f,281560,4
2JzZzZUQj3Qff7wapcbKjc,See You Again (feat. Charlie Puth),"[{'height': 640, 'url': 'https://i.scdn.co/image/ab67616d0000b2734e5df11b17b2727da2b718d8', 'width': 640}, {'height': 300, 'url': 'https://i.scdn.co/image/ab67616d00001e024e5df11b17b2727da2b718d8', 'width': 300}, {'height': 64, 'url': 'https://i.scdn.co/image/ab67616d000048514e5df11b17b2727da2b718d8', 'width': 64}]",2020-06-20T06:19:41Z,2015,https://open.spotify.com/track/2JzZzZUQj3Qff7wapcbKjc,137W8MRPWKqSmrBGDBFSop,85,0.689,0.481,10,-7.503,1,0.0815,0.369,1.03e-06,0.0649,0.283,80.025,audio_features,spotify:track:2JzZzZUQj3Qff7wapcbKjc,https://api.spotify.com/v1/tracks/2JzZzZUQj3Qff7wapcbKjc,https://api.spotify.com/v1/audio-analysis/2JzZzZUQj3Qff7wapcbKjc,229526,4
4B0JvthVoAAuygILe3n4Bs,What Do You Mean?,"[{'height': 640, 'url': 'https://i.scdn.co/image/ab67616d0000b273f46b9d202509a8f7384b90de', 'width': 640}, {'height': 300, 'url': 'https://i.scdn.co/image/ab67616d00001e02f46b9d202509a8f7384b90de', 'width': 300}, {'height': 64, 'url': 'https://i.scdn.co/image/ab67616d00004851f46b9d202509a8f7384b90de', 'width': 64}]",2020-06-20T06:19:41Z,2015-11-13,https://open.spotify.com/track/4B0JvthVoAAuygILe3n4Bs,1uNFoZAHBGtllmzznpCI3s,82,0.845,0.567,5,-8.118,0,0.0956,0.59,0.00142,0.0811,0.793,125.02,audio_features,spotify:track:4B0JvthVoAAuygILe3n4Bs,https://api.spotify.com/v1/tracks/4B0JvthVoAAuygILe3n4Bs,https://api.spotify.com/v1/audio-analysis/4B0JvthVoAAuygILe3n4Bs,205680,4
01aTsQoKoeXofSTvKuunzv,Lean On,"[{'height': 640, 'url': 'https://i.scdn.co/image/ab67616d0000b273d6d24aee7b49a2db98a76856', 'width': 640}, {'height': 300, 'url': 'https://i.scdn.co/image/ab67616d00001e02d6d24aee7b49a2db98a76856', 'width': 300}, {'height': 64, 'url': 'https://i.scdn.co/image/ab67616d00004851d6d24aee7b49a2db98a76856', 'width': 64}]",2020-06-20T06:19:41Z,2015-06-01,https://open.spotify.com/track/01aTsQoKoeXofSTvKuunzv,738wLrAtLtCtFOLvQBXOXp,70,0.723,0.809,7,-3.081,0,0.0625,0.00346,0.00123,0.565,0.274,98.007,audio_features,spotify:track:01aTsQoKoeXofSTvKuunzv,https://api.spotify.com/v1/tracks/01aTsQoKoeXofSTvKuunzv,https://api.spotify.com/v1/audio-analysis/01aTsQoKoeXofSTvKuunzv,176561,4
2PIvq1pGrUjY007X5y1UpM,"Earned It (Fifty Shades Of Grey) - From The ""Fifty Shades Of Grey"" Soundtrack","[{'height': 640, 'url': 'https://i.scdn.co/image/ab67616d0000b27364bd23d64f90b1910ead95a1', 'width': 640}, {'height': 300, 'url': 'https://i.scdn.co/image/ab67616d00001e0264bd23d64f90b1910ead95a1', 'width': 300}, {'height': 64, 'url': 'https://i.scdn.co/image/ab67616d0000485164bd23d64f90b1910ead95a1', 'width': 64}]",2020-06-20T06:19:41Z,2014-12-23,https://open.spotify.com/track/2PIvq1pGrUjY007X5y1UpM,1Xyo4u8uXC1ZmMpatF05PJ,77,0.659,0.381,2,-5.922,0,0.0304,0.385,0.0,0.0972,0.426,119.844,audio_features,spotify:track:2PIvq1pGrUjY007X5y1UpM,https://api.spotify.com/v1/tracks/2PIvq1pGrUjY007X5y1UpM,https://api.spotify.com/v1/audio-analysis/2PIvq1pGrUjY007X5y1UpM,252227,3
3zHq9ouUJQFQRf3cm1rRLu,"Love Me Like You Do - From ""Fifty Shades Of Grey""","[{'height': 640, 'url': 'https://i.scdn.co/image/ab67616d0000b2736bdee14242f244d9d6ddf2fd', 'width': 640}, {'height': 300, 'url': 'https://i.scdn.co/image/ab67616d00001e026bdee14242f244d9d6ddf2fd', 'width': 300}, {'height': 64, 'url': 'https://i.scdn.co/image/ab67616d000048516bdee14242f244d9d6ddf2fd', 'width': 64}]",2020-06-20T06:19:41Z,2015-11-06,https://open.spotify.com/track/3zHq9ouUJQFQRf3cm1rRLu,0X2BH1fck6amBIoJhDVmmJ,80,0.262,0.606,8,-6.646,1,0.0484,0.247,0.0,0.125,0.275,189.857,audio_features,spotify:track:3zHq9ouUJQFQRf3cm1rRLu,https://api.spotify.com/v1/tracks/3zHq9ouUJQFQRf3cm1rRLu,https://api.spotify.com/v1/audio-analysis/3zHq9ouUJQFQRf3cm1rRLu,252534,4
3CRDbSIZ4r5MsZ0YwxuEkn,Stressed Out,"[{'height': 640, 'url': 'https://i.scdn.co/image/ab67616d0000b273de03bfc2991fd5bcfde65ba3', 'width': 640}, {'height': 300, 'url': 'https://i.scdn.co/image/ab67616d00001e02de03bfc2991fd5bcfde65ba3', 'width': 300}, {'height': 64, 'url': 'https://i.scdn.co/image/ab67616d00004851de03bfc2991fd5bcfde65ba3', 'width': 64}]",2020-06-20T06:19:41Z,2015-05-15,https://open.spotify.com/track/3CRDbSIZ4r5MsZ0YwxuEkn,3YQKmKGau1PzlVlkL1iodx,89,0.734,0.637,4,-5.677,0,0.141,0.0462,2.29e-05,0.0602,0.648,169.977,audio_features,spotify:track:3CRDbSIZ4r5MsZ0YwxuEkn,https://api.spotify.com/v1/tracks/3CRDbSIZ4r5MsZ0YwxuEkn,https://api.spotify.com/v1/audio-analysis/3CRDbSIZ4r5MsZ0YwxuEkn,202333,4
0ct6r3EGTcMLPtrXHDvVjc,The Nights,"[{'height': 640, 'url': 'https://i.scdn.co/image/ab67616d0000b2730ae4f4d42e4a09f3a29f64ad', 'width': 640}, {'height': 300, 'url': 'https://i.scdn.co/image/ab67616d00001e020ae4f4d42e4a09f3a29f64ad', 'width': 300}, {'height': 64, 'url': 'https://i.scdn.co/image/ab67616d000048510ae4f4d42e4a09f3a29f64ad', 'width': 64}]",2020-06-20T06:19:41Z,2014-01-01,https://open.spotify.com/track/0ct6r3EGTcMLPtrXHDvVjc,1vCWHaC5f2uS3yhpwWbIA6,87,0.527,0.835,6,-5.298,1,0.0433,0.0166,0.0,0.249,0.654,125.983,audio_features,spotify:track:0ct6r3EGTcMLPtrXHDvVjc,https://api.spotify.com/v1/tracks/0ct6r3EGTcMLPtrXHDvVjc,https://api.spotify.com/v1/audio-analysis/0ct6r3EGTcMLPtrXHDvVjc,176658,4
5E30LdtzQTGqRvNd7l6kG5,Daddy Issues,"[{'height': 640, 'url': 'https://i.scdn.co/image/ab67616d0000b2733066581d697fbdee4303d685', 'width': 640}, {'height': 300, 'url': 'https://i.scdn.co/image/ab67616d00001e023066581d697fbdee4303d685', 'width': 300}, {'height': 64, 'url': 'https://i.scdn.co/image/ab67616d000048513066581d697fbdee4303d685', 'width': 64}]",2022-04-19T07:52:24Z,2015-10-30,https://open.spotify.com/track/5E30LdtzQTGqRvNd7l6kG5,77SW9BnxLY8rJ0RciFqkHh,87,0.588,0.521,10,-9.461,1,0.0329,0.0678,0.149,0.123,0.337,85.012,audio_features,spotify:track:5E30LdtzQTGqRvNd7l6kG5,https://api.spotify.com/v1/tracks/5E30LdtzQTGqRvNd7l6kG5,https://api.spotify.com/v1/audio-analysis/5E30LdtzQTGqRvNd7l6kG5,260173,4
1p80LdxRV74UKvL8gnD7ky,Blank Space,"[{'height': 640, 'url': 'https://i.scdn.co/image/ab67616d0000b2739abdf14e6058bd3903686148', 'width': 640}, {'height': 300, 'url': 'https://i.scdn.co/image/ab67616d00001e029abdf14e6058bd3903686148', 'width': 300}, {'height': 64, 'url': 'https://i.scdn.co/image/ab67616d000048519abdf14e6058bd3903686148', 'width': 64}]",2020-06-20T06:19:41Z,2014-10-27,https://open.spotify.com/track/1p80LdxRV74UKvL8gnD7ky,06HL4z0CvFAxyc27GXpf02,80,0.753,0.678,5,-5.421,1,0.0644,0.085,1.64e-06,0.13,0.583,96.006,audio_features,spotify:track:1p80LdxRV74UKvL8gnD7ky,https://api.spotify.com/v1/tracks/1p80LdxRV74UKvL8gnD7ky,https://api.spotify.com/v1/audio-analysis/1p80LdxRV74UKvL8gnD7ky,231827,4
6K4t31amVTZDgR3sKmwUJJ,The Less I Know The Better,"[{'height': 640, 'url': 'https://i.scdn.co/image/ab67616d0000b2739e1cfc756886ac782e363d79', 'width': 640}, {'height': 300, 'url': 'https://i.scdn.co/image/ab67616d00001e029e1cfc756886ac782e363d79', 'width': 300}, {'height': 64, 'url': 'https://i.scdn.co/image/ab67616d000048519e1cfc756886ac782e363d79', 'width': 64}]",2020-06-20T06:19:41Z,2015-07-17,https://open.spotify.com/track/6K4t31amVTZDgR3sKmwUJJ,5INjqkS1o8h1imAzPqGZBb,87,0.64,0.74,4,-4.083,1,0.0284,0.0115,0.00678,0.167,0.785,116.879,audio_features,spotify:track:6K4t31amVTZDgR3sKmwUJJ,https://api.spotify.com/v1/tracks/6K4t31amVTZDgR3sKmwUJJ,https://api.spotify.com/v1/audio-analysis/6K4t31amVTZDgR3sKmwUJJ,216320,4
50kpGaPAhYJ3sGmk6vplg0,Love Yourself,"[{'height': 640, 'url': 'https://i.scdn.co/image/ab67616d0000b273f46b9d202509a8f7384b90de', 'width': 640}, {'height': 300, 'url': 'https://i.scdn.co/image/ab67616d00001e02f46b9d202509a8f7384b90de', 'width': 300}, {'height': 64, 'url': 'https://i.scdn.co/image/ab67616d00004851f46b9d202509a8f7384b90de', 'width': 64}]",2020-06-20T06:19:41Z,2015-11-13,https://open.spotify.com/track/50kpGaPAhYJ3sGmk6vplg0,1uNFoZAHBGtllmzznpCI3s,86,0.609,0.378,4,-9.828,1,0.438,0.835,0.0,0.28,0.515,100.418,audio_features,spotify:track:50kpGaPAhYJ3sGmk6vplg0,https://api.spotify.com/v1/tracks/50kpGaPAhYJ3sGmk6vplg0,https://api.spotify.com/v1/audio-analysis/50kpGaPAhYJ3sGmk6vplg0,233720,4
7fBv7CLKzipRk6EC6TWHOB,The Hills,"[{'height': 640, 'url': 'https://i.scdn.co/image/ab67616d0000b2737fcead687e99583072cc217b', 'width': 640}, {'height': 300, 'url': 'https://i.scdn.co/image/ab67616d00001e027fcead687e99583072cc217b', 'width': 300}, {'height': 64, 'url': 'https://i.scdn.co/image/ab67616d000048517fcead687e99583072cc217b', 'width': 64}]",2020-06-20T06:19:41Z,2015-08-28,https://open.spotify.com/track/7fBv7CLKzipRk6EC6TWHOB,1Xyo4u8uXC1ZmMpatF05PJ,88,0.585,0.564,0,-7.063,0,0.0515,0.0671,0.0,0.135,0.137,113.003,audio_features,spotify:track:7fBv7CLKzipRk6EC6TWHOB,https://api.spotify.com/v1/tracks/7fBv7CLKzipRk6EC6TWHOB,https://api.spotify.com/v1/audio-analysis/7fBv7CLKzipRk6EC6TWHOB,242253,4
3pXF1nA74528Edde4of9CC,Don't,"[{'height': 640, 'url': 'https://i.scdn.co/image/ab67616d0000b273d5f3cea8affdca01a0dc754f', 'width': 640}, {'height': 300, 'url': 'https://i.scdn.co/image/ab67616d00001e02d5f3cea8affdca01a0dc754f', 'width': 300}, {'height': 64, 'url': 'https://i.scdn.co/image/ab67616d00004851d5f3cea8affdca01a0dc754f', 'width': 64}]",2020-06-20T06:19:41Z,2015-10-02,https://open.spotify.com/track/3pXF1nA74528Edde4of9CC,2EMAnMvWE2eb56ToJVfCWs,85,0.765,0.356,11,-5.556,0,0.195,0.223,0.0,0.0963,0.189,96.991,audio_features,spotify:track:3pXF1nA74528Edde4of9CC,https://api.spotify.com/v1/tracks/3pXF1nA74528Edde4of9CC,https://api.spotify.com/v1/audio-analysis/3pXF1nA74528Edde4of9CC,198293,4
0y1QJc3SJVPKJ1OvFmFqe6,Way down We Go,"[{'height': 640, 'url': 'https://i.scdn.co/image/ab67616d0000b273f793a842c1642b09a768a63b', 'width': 640}, {'height': 300, 'url': 'https://i.scdn.co/image/ab67616d00001e02f793a842c1642b09a768a63b', 'width': 300}, {'height': 64, 'url': 'https://i.scdn.co/image/ab67616d00004851f793a842c1642b09a768a63b', 'width': 64}]",2021-08-10T04:26:14Z,2016-06-10,https://open.spotify.com/track/0y1QJc3SJVPKJ1OvFmFqe6,7jdFEYD2LTYjfwxOdlVjmc,85,0.489,0.505,10,-8.022,0,0.117,0.579,0.000333,0.104,0.337,163.255,audio_features,spotify:track:0y1QJc3SJVPKJ1OvFmFqe6,https://api.spotify.com/v1/tracks/0y1QJc3SJVPKJ1OvFmFqe6,https://api.spotify.com/v1/audio-analysis/0y1QJc3SJVPKJ1OvFmFqe6,213707,4
4kbj5MwxO1bq9wjT5g9HaA,Shut Up and Dance,"[{'height': 640, 'url': 'https://i.scdn.co/image/ab67616d0000b27343294cfa2688055c9d821bf3', 'width': 640}, {'height': 300, 'url': 'https://i.scdn.co/image/ab67616d00001e0243294cfa2688055c9d821bf3', 'width': 300}, {'height': 64, 'url': 'https://i.scdn.co/image/ab67616d0000485143294cfa2688055c9d821bf3', 'width': 64}]",2020-06-20T06:19:41Z,2014-12-02,https://open.spotify.com/track/4kbj5MwxO1bq9wjT5g9HaA,6DIS6PRrLS3wbnZsf7vYic,85,0.578,0.866,1,-3.804,1,0.0619,0.00701,0.0,0.257,0.619,128.038,audio_features,spotify:track:4kbj5MwxO1bq9wjT5g9HaA,https://api.spotify.com/v1/tracks/4kbj5MwxO1bq9wjT5g9HaA,https://api.spotify.com/v1/audio-analysis/4kbj5MwxO1bq9wjT5g9HaA,199080,4
7xoUc6faLbCqZO6fQEYprd,One Last Time,"[{'height': 640, 'url': 'https://i.scdn.co/image/ab67616d0000b273deec12a28d1e336c5052e9aa', 'width': 640}, {'height': 300, 'url': 'https://i.scdn.co/image/ab67616d00001e02deec12a28d1e336c5052e9aa', 'width': 300}, {'height': 64, 'url': 'https://i.scdn.co/image/ab67616d00004851deec12a28d1e336c5052e9aa', 'width': 64}]",2020-06-20T06:19:41Z,2014-08-25,https://open.spotify.com/track/7xoUc6faLbCqZO6fQEYprd,66CXWjxzNUsdJxJ2JdwvnR,85,0.628,0.593,8,-5.036,1,0.0323,0.093,1.65e-06,0.096,0.104,125.026,audio_features,spotify:track:7xoUc6faLbCqZO6fQEYprd,https://api.spotify.com/v1/tracks/7xoUc6faLbCqZO6fQEYprd,https://api.spotify.com/v1/audio-analysis/7xoUc6faLbCqZO6fQEYprd,197267,4
7MmG8p0F9N3C4AXdK6o6Eb,Outside (feat. Ellie Goulding),"[{'height': 640, 'url': 'https://i.scdn.co/image/ab67616d0000b273063c048e9ef6bd021b744756', 'width': 640}, {'height': 300, 'url': 'https://i.scdn.co/image/ab67616d00001e02063c048e9ef6bd021b744756', 'width': 300}, {'height': 64, 'url': 'https://i.scdn.co/image/ab67616d00004851063c048e9ef6bd021b744756', 'width': 64}]",2020-06-20T06:19:41Z,2014-10-31,https://open.spotify.com/track/7MmG8p0F9N3C4AXdK6o6Eb,7CajNmpbOovFoOoasH2HaY,84,0.646,0.823,2,-4.123,0,0.0394,0.213,0.0,0.322,0.418,128.035,audio_features,spotify:track:7MmG8p0F9N3C4AXdK6o6Eb,https://api.spotify.com/v1/tracks/7MmG8p0F9N3C4AXdK6o6Eb,https://api.spotify.com/v1/audio-analysis/7MmG8p0F9N3C4AXdK6o6Eb,227267,4
09CtPGIpYB4BrO8qb1RGsF,Sorry,"[{'height': 640, 'url': 'https://i.scdn.co/image/ab67616d0000b273f46b9d202509a8f7384b90de', 'width': 640}, {'height': 300, 'url': 'https://i.scdn.co/image/ab67616d00001e02f46b9d202509a8f7384b90de', 'width': 300}, {'height': 64, 'url': 'https://i.scdn.co/image/ab67616d00004851f46b9d202509a8f7384b90de', 'width': 64}]",2020-06-20T06:19:41Z,2015-11-13,https://open.spotify.com/track/09CtPGIpYB4BrO8qb1RGsF,1uNFoZAHBGtllmzznpCI3s,85,0.654,0.76,0,-3.669,0,0.045,0.0797,0.0,0.299,0.41,99.945,audio_features,spotify:track:09CtPGIpYB4BrO8qb1RGsF,https://api.spotify.com/v1/tracks/09CtPGIpYB4BrO8qb1RGsF,https://api.spotify.com/v1/audio-analysis/09CtPGIpYB4BrO8qb1RGsF,200787,4
2P4OICZRVAQcYAV2JReRfj,Waiting For Love,"[{'height': 640, 'url': 'https://i.scdn.co/image/ab67616d0000b2735393c5d3cac806092a9bc468', 'width': 640}, {'height': 300, 'url': 'https://i.scdn.co/image/ab67616d00001e025393c5d3cac806092a9bc468', 'width': 300}, {'height': 64, 'url': 'https://i.scdn.co/image/ab67616d000048515393c5d3cac806092a9bc468', 'width': 64}]",2020-06-20T06:19:41Z,2015-10-02,https://open.spotify.com/track/2P4OICZRVAQcYAV2JReRfj,1vCWHaC5f2uS3yhpwWbIA6,83,0.579,0.736,6,-3.863,0,0.0527,0.31,0.0,0.198,0.613,127.999,audio_features,spotify:track:2P4OICZRVAQcYAV2JReRfj,https://api.spotify.com/v1/tracks/2P4OICZRVAQcYAV2JReRfj,https://api.spotify.com/v1/audio-analysis/2P4OICZRVAQcYAV2JReRfj,230613,4
2bJvI42r8EF3wxjOuDav4r,Time of Our Lives,"[{'height': 640, 'url': 'https://i.scdn.co/image/ab67616d0000b2731e340d1480e7bb29a45e3bd7', 'width': 640}, {'height': 300, 'url': 'https://i.scdn.co/image/ab67616d00001e021e340d1480e7bb29a45e3bd7', 'width': 300}, {'height': 64, 'url': 'https://i.scdn.co/image/ab67616d000048511e340d1480e7bb29a45e3bd7', 'width': 64}]",2020-06-20T06:19:41Z,2014-11-21,https://open.spotify.com/track/2bJvI42r8EF3wxjOuDav4r,0TnOYISbd1XYRBk9myaseg,83,0.721,0.802,1,-5.797,1,0.0583,0.0921,0.0,0.694,0.724,124.022,audio_features,spotify:track:2bJvI42r8EF3wxjOuDav4r,https://api.spotify.com/v1/tracks/2bJvI42r8EF3wxjOuDav4r,https://api.spotify.com/v1/audio-analysis/2bJvI42r8EF3wxjOuDav4r,229360,4
2GiJYvgVaD2HtM8GqD9EgQ,Electric Love,"[{'height': 640, 'url': 'https://i.scdn.co/image/ab67616d0000b273cc2cf912462d8ae4ef856434', 'width': 640}, {'height': 300, 'url': 'https://i.scdn.co/image/ab67616d00001e02cc2cf912462d8ae4ef856434', 'width': 300}, {'height': 64, 'url': 'https://i.scdn.co/image/ab67616d00004851cc2cf912462d8ae4ef856434', 'width': 64}]",2020-06-20T06:19:41Z,2015-10-16,https://open.spotify.com/track/2GiJYvgVaD2HtM8GqD9EgQ,1KP6TWI40m7p3QBTU6u2xo,82,0.611,0.797,6,-7.627,0,0.0533,0.00543,0.00137,0.26,0.518,120.041,audio_features,spotify:track:2GiJYvgVaD2HtM8GqD9EgQ,https://api.spotify.com/v1/tracks/2GiJYvgVaD2HtM8GqD9EgQ,https://api.spotify.com/v1/audio-analysis/2GiJYvgVaD2HtM8GqD9EgQ,218107,4
22VdIZQfgXJea34mQxlt81,Can't Feel My Face,"[{'height': 640, 'url': 'https://i.scdn.co/image/ab67616d0000b2737fcead687e99583072cc217b', 'width': 640}, {'height': 300, 'url': 'https://i.scdn.co/image/ab67616d00001e027fcead687e99583072cc217b', 'width': 300}, {'height': 64, 'url': 'https://i.scdn.co/image/ab67616d000048517fcead687e99583072cc217b', 'width': 64}]",2020-06-20T06:19:41Z,2015-08-28,https://open.spotify.com/track/22VdIZQfgXJea34mQxlt81,1Xyo4u8uXC1ZmMpatF05PJ,85,0.705,0.769,9,-5.526,0,0.0425,0.113,0.0,0.105,0.583,107.949,audio_features,spotify:track:22VdIZQfgXJea34mQxlt81,https://api.spotify.com/v1/tracks/22VdIZQfgXJea34mQxlt81,https://api.spotify.com/v1/audio-analysis/22VdIZQfgXJea34mQxlt81,213520,4
04aAxqtGp5pv12UXAg4pkq,Centuries,"[{'height': 640, 'url': 'https://i.scdn.co/image/ab67616d0000b2733cf1c1dbcfa3f1ab7282719b', 'width': 640}, {'height': 300, 'url': 'https://i.scdn.co/image/ab67616d00001e023cf1c1dbcfa3f1ab7282719b', 'width': 300}, {'height': 64, 'url': 'https://i.scdn.co/image/ab67616d000048513cf1c1dbcfa3f1ab7282719b', 'width': 64}]",2020-06-20T06:19:41Z,2015-01-20,https://open.spotify.com/track/04aAxqtGp5pv12UXAg4pkq,4UXqAaa6dQYAk18Lv7PEgX,82,0.393,0.858,4,-2.868,0,0.0729,0.00359,0.0,0.102,0.56,176.042,audio_features,spotify:track:04aAxqtGp5pv12UXAg4pkq,https://api.spotify.com/v1/tracks/04aAxqtGp5pv12UXAg4pkq,https://api.spotify.com/v1/audio-analysis/04aAxqtGp5pv12UXAg4pkq,228360,4
5J4ZkQpzMUFojo1CtAZYpn,Love Me Harder,"[{'height': 640, 'url': 'https://i.scdn.co/image/ab67616d0000b273deec12a28d1e336c5052e9aa', 'width': 640}, {'height': 300, 'url': 'https://i.scdn.co/image/ab67616d00001e02deec12a28d1e336c5052e9aa', 'width': 300}, {'height': 64, 'url': 'https://i.scdn.co/image/ab67616d00004851deec12a28d1e336c5052e9aa', 'width': 64}]",2020-06-20T06:19:41Z,2014-08-25,https://open.spotify.com/track/5J4ZkQpzMUFojo1CtAZYpn,66CXWjxzNUsdJxJ2JdwvnR,81,0.472,0.714,1,-4.389,0,0.0334,0.00937,0.0,0.0764,0.24,98.992,audio_features,spotify:track:5J4ZkQpzMUFojo1CtAZYpn,https://api.spotify.com/v1/tracks/5J4ZkQpzMUFojo1CtAZYpn,https://api.spotify.com/v1/audio-analysis/5J4ZkQpzMUFojo1CtAZYpn,236133,4
1rIKgCH4H52lrvDcz50hS8,Lush Life,"[{'height': 640, 'url': 'https://i.scdn.co/image/ab67616d0000b2739e1683774b22648f4f178ed3', 'width': 640}, {'height': 300, 'url': 'https://i.scdn.co/image/ab67616d00001e029e1683774b22648f4f178ed3', 'width': 300}, {'height': 64, 'url': 'https://i.scdn.co/image/ab67616d000048519e1683774b22648f4f178ed3', 'width': 64}]",2020-06-20T06:19:41Z,2017-03-17,https://open.spotify.com/track/1rIKgCH4H52lrvDcz50hS8,1Xylc3o4UrD53lo9CvFvVg,81,0.694,0.712,7,-3.923,0,0.046,0.132,0.0,0.211,0.799,98.023,audio_features,spotify:track:1rIKgCH4H52lrvDcz50hS8,https://api.spotify.com/v1/tracks/1rIKgCH4H52lrvDcz50hS8,https://api.spotify.com/v1/audio-analysis/1rIKgCH4H52lrvDcz50hS8,201122,4
3NLnwwAQbbFKcEcV8hDItk,Perfect,"[{'height': 640, 'url': 'https://i.scdn.co/image/ab67616d0000b273241e4fe75732c9c4b49b94c3', 'width': 640}, {'height': 300, 'url': 'https://i.scdn.co/image/ab67616d00001e02241e4fe75732c9c4b49b94c3', 'width': 300}, {'height': 64, 'url': 'https://i.scdn.co/image/ab67616d00004851241e4fe75732c9c4b49b94c3', 'width': 64}]",2020-06-20T06:19:41Z,2015-11-13,https://open.spotify.com/track/3NLnwwAQbbFKcEcV8hDItk,4AK6F7OLvEQ5QYCBNiQWHq,81,0.647,0.823,2,-5.231,1,0.0762,0.0598,0.0,0.119,0.396,99.933,audio_features,spotify:track:3NLnwwAQbbFKcEcV8hDItk,https://api.spotify.com/v1/tracks/3NLnwwAQbbFKcEcV8hDItk,https://api.spotify.com/v1/audio-analysis/3NLnwwAQbbFKcEcV8hDItk,230333,4
2TeLIzFBe3hxkPR5FIQZut,Like I Can,"[{'height': 640, 'url': 'https://i.scdn.co/image/ab67616d0000b273b11bdc91cb9ac6b14f5c1dae', 'width': 640}, {'height': 300, 'url': 'https://i.scdn.co/image/ab67616d00001e02b11bdc91cb9ac6b14f5c1dae', 'width': 300}, {'height': 64, 'url': 'https://i.scdn.co/image/ab67616d00004851b11bdc91cb9ac6b14f5c1dae', 'width': 64}]",2020-06-20T06:19:41Z,2014-05-26,https://open.spotify.com/track/2TeLIzFBe3hxkPR5FIQZut,2wY79sveU1sp5g7SokKOiI,81,0.656,0.627,7,-6.627,0,0.0379,0.343,2.17e-05,0.124,0.481,99.933,audio_features,spotify:track:2TeLIzFBe3hxkPR5FIQZut,https://api.spotify.com/v1/tracks/2TeLIzFBe3hxkPR5FIQZut,https://api.spotify.com/v1/audio-analysis/2TeLIzFBe3hxkPR5FIQZut,167066,4
78TTtXnFQPzwqlbtbwqN0y,FourFiveSeconds,"[{'height': 640, 'url': 'https://i.scdn.co/image/ab67616d0000b27336a9ed72b45e54ff307641be', 'width': 640}, {'height': 300, 'url': 'https://i.scdn.co/image/ab67616d00001e0236a9ed72b45e54ff307641be', 'width': 300}, {'height': 64, 'url': 'https://i.scdn.co/image/ab67616d0000485136a9ed72b45e54ff307641be', 'width': 64}]",2020-06-20T06:19:41Z,2015-01-24,https://open.spotify.com/track/78TTtXnFQPzwqlbtbwqN0y,5pKCCKE2ajJHZ9KAiaK11H,81,0.582,0.272,2,-5.662,1,0.0501,0.875,0.0,0.13,0.354,205.846,audio_features,spotify:track:78TTtXnFQPzwqlbtbwqN0y,https://api.spotify.com/v1/tracks/78TTtXnFQPzwqlbtbwqN0y,https://api.spotify.com/v1/audio-analysis/78TTtXnFQPzwqlbtbwqN0y,188238,4
3uwnnTQcHM1rDqSfA4gQNz,Cool for the Summer,"[{'height': 640, 'url': 'https://i.scdn.co/image/ab67616d0000b273ed164cf1c10f028e8f528784', 'width': 640}, {'height': 300, 'url': 'https://i.scdn.co/image/ab67616d00001e02ed164cf1c10f028e8f528784', 'width': 300}, {'height': 64, 'url': 'https://i.scdn.co/image/ab67616d00004851ed164cf1c10f028e8f528784', 'width': 64}]",2020-06-20T06:19:41Z,2015-01-01,https://open.spotify.com/track/3uwnnTQcHM1rDqSfA4gQNz,6S2OmqARrzebs0tKUEyXyp,81,0.583,0.61,5,-5.639,0,0.0382,0.00425,0.000105,0.14,0.336,114.06,audio_features,spotify:track:3uwnnTQcHM1rDqSfA4gQNz,https://api.spotify.com/v1/tracks/3uwnnTQcHM1rDqSfA4gQNz,https://api.spotify.com/v1/audio-analysis/3uwnnTQcHM1rDqSfA4gQNz,214740,4
0wwPcA6wtMf6HUMpIRdeP7,Hotline Bling,"[{'height': 640, 'url': 'https://i.scdn.co/image/ab67616d0000b2739416ed64daf84936d89e671c', 'width': 640}, {'height': 300, 'url': 'https://i.scdn.co/image/ab67616d00001e029416ed64daf84936d89e671c', 'width': 300}, {'height': 64, 'url': 'https://i.scdn.co/image/ab67616d000048519416ed64daf84936d89e671c', 'width': 64}]",2020-06-20T06:19:41Z,2016-05-06,https://open.spotify.com/track/0wwPcA6wtMf6HUMpIRdeP7,3TVXtAsR1Inumwj472S9r4,80,0.891,0.628,2,-7.863,1,0.0551,0.00258,0.00019,0.0504,0.552,134.966,audio_features,spotify:track:0wwPcA6wtMf6HUMpIRdeP7,https://api.spotify.com/v1/tracks/0wwPcA6wtMf6HUMpIRdeP7,https://api.spotify.com/v1/audio-analysis/0wwPcA6wtMf6HUMpIRdeP7,267067,4
5tf1VVWniHgryyumXyJM7w,Sugar (feat. Francesco Yates),"[{'height': 640, 'url': 'https://i.scdn.co/image/ab67616d0000b2733c9047f9aa5d0d1e03827039', 'width': 640}, {'height': 300, 'url': 'https://i.scdn.co/image/ab67616d00001e023c9047f9aa5d0d1e03827039', 'width': 300}, {'height': 64, 'url': 'https://i.scdn.co/image/ab67616d000048513c9047f9aa5d0d1e03827039', 'width': 64}]",2020-06-20T06:19:41Z,2015-09-25,https://open.spotify.com/track/5tf1VVWniHgryyumXyJM7w,3t5xRXzsuZmMDkQzgOX35S,80,0.636,0.815,5,-5.098,0,0.0581,0.0185,0.0,0.163,0.636,123.063,audio_features,spotify:track:5tf1VVWniHgryyumXyJM7w,https://api.spotify.com/v1/tracks/5tf1VVWniHgryyumXyJM7w,https://api.spotify.com/v1/audio-analysis/5tf1VVWniHgryyumXyJM7w,219043,4
2K87XMYnUMqLcX3zvtAF4G,Drag Me Down,"[{'height': 640, 'url': 'https://i.scdn.co/image/ab67616d0000b273241e4fe75732c9c4b49b94c3', 'width': 640}, {'height': 300, 'url': 'https://i.scdn.co/image/ab67616d00001e02241e4fe75732c9c4b49b94c3', 'width': 300}, {'height': 64, 'url': 'https://i.scdn.co/image/ab67616d00004851241e4fe75732c9c4b49b94c3', 'width': 64}]",2020-06-20T06:19:41Z,2015-11-13,https://open.spotify.com/track/2K87XMYnUMqLcX3zvtAF4G,4AK6F7OLvEQ5QYCBNiQWHq,81,0.73,0.703,0,-5.672,0,0.0369,0.109,0.0,0.0657,0.595,138.113,audio_features,spotify:track:2K87XMYnUMqLcX3zvtAF4G,https://api.spotify.com/v1/tracks/2K87XMYnUMqLcX3zvtAF4G,https://api.spotify.com/v1/audio-analysis/2K87XMYnUMqLcX3zvtAF4G,192120,4
7x5xYW5W42OGPAdHUyyguy,Locked Away (feat. Adam Levine),"[{'height': 640, 'url': 'https://i.scdn.co/image/ab67616d0000b2739519b1a9e2b552407e65b01a', 'width': 640}, {'height': 300, 'url': 'https://i.scdn.co/image/ab67616d00001e029519b1a9e2b552407e65b01a', 'width': 300}, {'height': 64, 'url': 'https://i.scdn.co/image/ab67616d000048519519b1a9e2b552407e65b01a', 'width': 64}]",2020-06-20T06:19:41Z,2015-10-09,https://open.spotify.com/track/7x5xYW5W42OGPAdHUyyguy,4TH4BHy0LdBi3dpBW4P2UX,80,0.509,0.671,1,-5.709,1,0.0678,0.304,0.0,0.0452,0.55,118.413,audio_features,spotify:track:7x5xYW5W42OGPAdHUyyguy,https://api.spotify.com/v1/tracks/7x5xYW5W42OGPAdHUyyguy,https://api.spotify.com/v1/audio-analysis/7x5xYW5W42OGPAdHUyyguy,227480,5
22mek4IiqubGD9ctzxc69s,How Deep Is Your Love,"[{'height': 640, 'url': 'https://i.scdn.co/image/ab67616d0000b273f4956c3ceefc6fa1cffc6da6', 'width': 640}, {'height': 300, 'url': 'https://i.scdn.co/image/ab67616d00001e02f4956c3ceefc6fa1cffc6da6', 'width': 300}, {'height': 64, 'url': 'https://i.scdn.co/image/ab67616d00004851f4956c3ceefc6fa1cffc6da6', 'width': 64}]",2020-06-20T06:19:41Z,2015-07-17,https://open.spotify.com/track/22mek4IiqubGD9ctzxc69s,7CajNmpbOovFoOoasH2HaY,80,0.738,0.868,11,-4.373,0,0.0731,0.0392,0.00169,0.388,0.336,122.003,audio_features,spotify:track:22mek4IiqubGD9ctzxc69s,https://api.spotify.com/v1/tracks/22mek4IiqubGD9ctzxc69s,https://api.spotify.com/v1/audio-analysis/22mek4IiqubGD9ctzxc69s,212640,4
1CS7Sd1u5tWkstBhpssyjP,Take Me to Church,"[{'height': 640, 'url': 'https://i.scdn.co/image/ab67616d0000b2734ca68d59a4a29c856a4a39c2', 'width': 640}, {'height': 300, 'url': 'https://i.scdn.co/image/ab67616d00001e024ca68d59a4a29c856a4a39c2', 'width': 300}, {'height': 64, 'url': 'https://i.scdn.co/image/ab67616d000048514ca68d59a4a29c856a4a39c2', 'width': 64}]",2020-06-20T06:19:41Z,2014-09-19,https://open.spotify.com/track/1CS7Sd1u5tWkstBhpssyjP,2FXC3k01G6Gw61bmprjgqS,80,0.566,0.664,4,-5.303,0,0.0464,0.634,0.0,0.116,0.437,128.945,audio_features,spotify:track:1CS7Sd1u5tWkstBhpssyjP,https://api.spotify.com/v1/tracks/1CS7Sd1u5tWkstBhpssyjP,https://api.spotify.com/v1/audio-analysis/1CS7Sd1u5tWkstBhpssyjP,241693,4
7oGZAicScQt96OAW4AruYy,Want to Want Me,"[{'height': 640, 'url': 'https://i.scdn.co/image/ab67616d0000b273519241bcfc352fc3eaaac5db', 'width': 640}, {'height': 300, 'url': 'https://i.scdn.co/image/ab67616d00001e02519241bcfc352fc3eaaac5db', 'width': 300}, {'height': 64, 'url': 'https://i.scdn.co/image/ab67616d00004851519241bcfc352fc3eaaac5db', 'width': 64}]",2020-06-20T06:19:41Z,2015-05-29,https://open.spotify.com/track/7oGZAicScQt96OAW4AruYy,07YZf4WDAMNwqr4jfgOZ8y,80,0.775,0.68,0,-5.508,0,0.0629,0.00906,0.0,0.109,0.656,114.025,audio_features,spotify:track:7oGZAicScQt96OAW4AruYy,https://api.spotify.com/v1/tracks/7oGZAicScQt96OAW4AruYy,https://api.spotify.com/v1/audio-analysis/7oGZAicScQt96OAW4AruYy,207719,4
2YlZnw2ikdb837oKMKjBkW,Like I'm Gonna Lose You (feat. John Legend),"[{'height': 640, 'url': 'https://i.scdn.co/image/ab67616d0000b2733b11178cccd78ec77fc12dbc', 'width': 640}, {'height': 300, 'url': 'https://i.scdn.co/image/ab67616d00001e023b11178cccd78ec77fc12dbc', 'width': 300}, {'height': 64, 'url': 'https://i.scdn.co/image/ab67616d000048513b11178cccd78ec77fc12dbc', 'width': 64}]",2020-06-20T06:19:41Z,2015-01-09,https://open.spotify.com/track/2YlZnw2ikdb837oKMKjBkW,6JL8zeS1NmiOftqZTRgdTz,79,0.63,0.53,0,-7.259,1,0.0434,0.4,0.0,0.177,0.417,108.038,audio_features,spotify:track:2YlZnw2ikdb837oKMKjBkW,https://api.spotify.com/v1/tracks/2YlZnw2ikdb837oKMKjBkW,https://api.spotify.com/v1/audio-analysis/2YlZnw2ikdb837oKMKjBkW,225053,3
4lIxdJw6W3Fg4vUIYCB0S5,Style,"[{'height': 640, 'url': 'https://i.scdn.co/image/ab67616d0000b2739abdf14e6058bd3903686148', 'width': 640}, {'height': 300, 'url': 'https://i.scdn.co/image/ab67616d00001e029abdf14e6058bd3903686148', 'width': 300}, {'height': 64, 'url': 'https://i.scdn.co/image/ab67616d000048519abdf14e6058bd3903686148', 'width': 64}]",2020-06-20T06:19:41Z,2014-10-27,https://open.spotify.com/track/4lIxdJw6W3Fg4vUIYCB0S5,06HL4z0CvFAxyc27GXpf02,79,0.598,0.786,2,-5.572,1,0.0383,0.00253,0.0016,0.117,0.456,95.019,audio_features,spotify:track:4lIxdJw6W3Fg4vUIYCB0S5,https://api.spotify.com/v1/tracks/4lIxdJw6W3Fg4vUIYCB0S5,https://api.spotify.com/v1/audio-analysis/4lIxdJw6W3Fg4vUIYCB0S5,231000,4
0fYVliAYKHuPmECRs1pbRf,Renegades,"[{'height': 640, 'url': 'https://i.scdn.co/image/ab67616d0000b27352e8aa3275f7a3ee9c1e3628', 'width': 640}, {'height': 300, 'url': 'https://i.scdn.co/image/ab67616d00001e0252e8aa3275f7a3ee9c1e3628', 'width': 300}, {'height': 64, 'url': 'https://i.scdn.co/image/ab67616d0000485152e8aa3275f7a3ee9c1e3628', 'width': 64}]",2020-06-20T06:19:41Z,2015-06-30,https://open.spotify.com/track/0fYVliAYKHuPmECRs1pbRf,3NPpFNZtSTHheNBaWC82rB,79,0.526,0.862,2,-6.003,1,0.0905,0.0144,0.0597,0.229,0.528,90.052,audio_features,spotify:track:0fYVliAYKHuPmECRs1pbRf,https://api.spotify.com/v1/tracks/0fYVliAYKHuPmECRs1pbRf,https://api.spotify.com/v1/audio-analysis/0fYVliAYKHuPmECRs1pbRf,195200,4
5NQbUaeTEOGdD6hHcre0dZ,679 (feat. Remy Boyz),"[{'height': 640, 'url': 'https://i.scdn.co/image/ab67616d0000b2731769fa68b9643ca67c4d44ce', 'width': 640}, {'height': 300, 'url': 'https://i.scdn.co/image/ab67616d00001e021769fa68b9643ca67c4d44ce', 'width': 300}, {'height': 64, 'url': 'https://i.scdn.co/image/ab67616d000048511769fa68b9643ca67c4d44ce', 'width': 64}]",2020-06-20T06:19:41Z,2015-06-29,https://open.spotify.com/track/5NQbUaeTEOGdD6hHcre0dZ,6PXS4YHDkKvl1wkIl4V8DL,78,0.618,0.717,7,-5.738,1,0.318,0.00256,0.0,0.625,0.603,190.05,audio_features,spotify:track:5NQbUaeTEOGdD6hHcre0dZ,https://api.spotify.com/v1/tracks/5NQbUaeTEOGdD6hHcre0dZ,https://api.spotify.com/v1/audio-analysis/5NQbUaeTEOGdD6hHcre0dZ,196693,4
1I8tHoNBFTuoJAlh4hfVVE,Firestone,"[{'height': 640, 'url': 'https://i.scdn.co/image/ab67616d0000b27335590cb9280d5a1f5221ae1a', 'width': 640}, {'height': 300, 'url': 'https://i.scdn.co/image/ab67616d00001e0235590cb9280d5a1f5221ae1a', 'width': 300}, {'height': 64, 'url': 'https://i.scdn.co/image/ab67616d0000485135590cb9280d5a1f5221ae1a', 'width': 64}]",2020-06-20T06:19:41Z,2016-05-13,https://open.spotify.com/track/1I8tHoNBFTuoJAlh4hfVVE,23fqKkggKUBHNkbKtXEls4,78,0.704,0.634,11,-7.374,0,0.0428,0.393,3.17e-05,0.0952,0.411,113.927,audio_features,spotify:track:1I8tHoNBFTuoJAlh4hfVVE,https://api.spotify.com/v1/tracks/1I8tHoNBFTuoJAlh4hfVVE,https://api.spotify.com/v1/audio-analysis/1I8tHoNBFTuoJAlh4hfVVE,271640,4
0NTMtAO2BV4tnGvw9EgBVq,Bitch Better Have My Money,"[{'height': 640, 'url': 'https://i.scdn.co/image/ab67616d0000b273c137319751a89295f921cce8', 'width': 640}, {'height': 300, 'url': 'https://i.scdn.co/image/ab67616d00001e02c137319751a89295f921cce8', 'width': 300}, {'height': 64, 'url': 'https://i.scdn.co/image/ab67616d00004851c137319751a89295f921cce8', 'width': 64}]",2020-06-20T06:19:41Z,2015-03-26,https://open.spotify.com/track/0NTMtAO2BV4tnGvw9EgBVq,5pKCCKE2ajJHZ9KAiaK11H,78,0.781,0.728,1,-4.981,1,0.0621,0.0509,1.94e-06,0.257,0.395,102.99,audio_features,spotify:track:0NTMtAO2BV4tnGvw9EgBVq,https://api.spotify.com/v1/tracks/0NTMtAO2BV4tnGvw9EgBVq,https://api.spotify.com/v1/audio-analysis/0NTMtAO2BV4tnGvw9EgBVq,219306,4
0PJIbOdMs3bd5AT8liULMQ,oui,"[{'height': 640, 'url': 'https://i.scdn.co/image/ab67616d0000b273262c8e955ad5c60b1d0abf53', 'width': 640}, {'height': 300, 'url': 'https://i.scdn.co/image/ab67616d00001e02262c8e955ad5c60b1d0abf53', 'width': 300}, {'height': 64, 'url': 'https://i.scdn.co/image/ab67616d00004851262c8e955ad5c60b1d0abf53', 'width': 64}]",2020-06-20T06:19:41Z,2015-12-04,https://open.spotify.com/track/0PJIbOdMs3bd5AT8liULMQ,3KV3p5EY4AvKxOlhGHORLg,78,0.418,0.724,5,-3.724,1,0.0964,0.213,0.0,0.112,0.604,78.521,audio_features,spotify:track:0PJIbOdMs3bd5AT8liULMQ,https://api.spotify.com/v1/tracks/0PJIbOdMs3bd5AT8liULMQ,https://api.spotify.com/v1/audio-analysis/0PJIbOdMs3bd5AT8liULMQ,238320,5
6Knv6wdA0luoMUuuoYi2i1,My House,"[{'height': 640, 'url': 'https://i.scdn.co/image/ab67616d0000b2737947bf3e8af32378de181b41', 'width': 640}, {'height': 300, 'url': 'https://i.scdn.co/image/ab67616d00001e027947bf3e8af32378de181b41', 'width': 300}, {'height': 64, 'url': 'https://i.scdn.co/image/ab67616d000048517947bf3e8af32378de181b41', 'width': 64}]",2020-06-20T06:19:41Z,2015-04-07,https://open.spotify.com/track/6Knv6wdA0luoMUuuoYi2i1,0jnsk9HBra6NMjO2oANoPY,78,0.688,0.702,7,-4.792,0,0.0499,0.0215,0.0,0.128,0.74,94.006,audio_features,spotify:track:6Knv6wdA0luoMUuuoYi2i1,https://api.spotify.com/v1/tracks/6Knv6wdA0luoMUuuoYi2i1,https://api.spotify.com/v1/audio-analysis/6Knv6wdA0luoMUuuoYi2i1,192191,4
37f4ITSlgPX81ad2EvmVQr,Fight Song,"[{'height': 640, 'url': 'https://i.scdn.co/image/ab67616d0000b273a9e4d7fae5dfcc8f9cc96bc9', 'width': 640}, {'height': 300, 'url': 'https://i.scdn.co/image/ab67616d00001e02a9e4d7fae5dfcc8f9cc96bc9', 'width': 300}, {'height': 64, 'url': 'https://i.scdn.co/image/ab67616d00004851a9e4d7fae5dfcc8f9cc96bc9', 'width': 64}]",2020-06-20T06:19:41Z,2016-01-01,https://open.spotify.com/track/37f4ITSlgPX81ad2EvmVQr,3QLIkT4rD2FMusaqmkepbq,78,0.564,0.714,7,-4.987,1,0.129,0.0549,0.0,0.155,0.33,175.924,audio_features,spotify:track:37f4ITSlgPX81ad2EvmVQr,https://api.spotify.com/v1/tracks/37f4ITSlgPX81ad2EvmVQr,https://api.spotify.com/v1/audio-analysis/37f4ITSlgPX81ad2EvmVQr,204013,4
5jsw9uXEGuKyJzs0boZ1bT,Stitches,"[{'height': 640, 'url': 'https://i.scdn.co/image/ab67616d0000b273d26246b23c8bfa8ce543b3bb', 'width': 640}, {'height': 300, 'url': 'https://i.scdn.co/image/ab67616d00001e02d26246b23c8bfa8ce543b3bb', 'width': 300}, {'height': 64, 'url': 'https://i.scdn.co/image/ab67616d00004851d26246b23c8bfa8ce543b3bb', 'width': 64}]",2020-06-20T06:19:41Z,2015-04-14,https://open.spotify.com/track/5jsw9uXEGuKyJzs0boZ1bT,7n2wHs1TKAczGzO7Dd2rGr,78,0.752,0.754,1,-6.684,1,0.0615,0.0151,0.0,0.0486,0.755,149.789,audio_features,spotify:track:5jsw9uXEGuKyJzs0boZ1bT,https://api.spotify.com/v1/tracks/5jsw9uXEGuKyJzs0boZ1bT,https://api.spotify.com/v1/audio-analysis/5jsw9uXEGuKyJzs0boZ1bT,206880,4
25KybV9BOUlvcnv7nN3Pyo,In The Night,"[{'height': 640, 'url': 'https://i.scdn.co/image/ab67616d0000b2737fcead687e99583072cc217b', 'width': 640}, {'height': 300, 'url': 'https://i.scdn.co/image/ab67616d00001e027fcead687e99583072cc217b', 'width': 300}, {'height': 64, 'url': 'https://i.scdn.co/image/ab67616d000048517fcead687e99583072cc217b', 'width': 64}]",2020-06-20T06:19:41Z,2015-08-28,https://open.spotify.com/track/25KybV9BOUlvcnv7nN3Pyo,1Xyo4u8uXC1ZmMpatF05PJ,77,0.505,0.68,7,-4.993,1,0.0714,0.0796,0.0,0.0465,0.539,168.022,audio_features,spotify:track:25KybV9BOUlvcnv7nN3Pyo,https://api.spotify.com/v1/tracks/25KybV9BOUlvcnv7nN3Pyo,https://api.spotify.com/v1/audio-analysis/25KybV9BOUlvcnv7nN3Pyo,235653,3
5uDASfU19gDxSjW8cnCaBp,Chill Bill (feat. J. Davi$ & Spooks),"[{'height': 640, 'url': 'https://i.scdn.co/image/ab67616d0000b2736f3e9696889a2425338e0836', 'width': 640}, {'height': 300, 'url': 'https://i.scdn.co/image/ab67616d00001e026f3e9696889a2425338e0836', 'width': 300}, {'height': 64, 'url': 'https://i.scdn.co/image/ab67616d000048516f3e9696889a2425338e0836', 'width': 64}]",2020-06-20T06:19:41Z,2016-06-17,https://open.spotify.com/track/5uDASfU19gDxSjW8cnCaBp,2hWs22BmQkK4czFtDLnar2,77,0.886,0.427,6,-10.028,1,0.145,0.0312,0.00099,0.0906,0.23,108.034,audio_features,spotify:track:5uDASfU19gDxSjW8cnCaBp,https://api.spotify.com/v1/tracks/5uDASfU19gDxSjW8cnCaBp,https://api.spotify.com/v1/audio-analysis/5uDASfU19gDxSjW8cnCaBp,177184,4
5masKPHeAOVNgxdLebIcK7,Stole the Show,"[{'height': 640, 'url': 'https://i.scdn.co/image/ab67616d0000b27335590cb9280d5a1f5221ae1a', 'width': 640}, {'height': 300, 'url': 'https://i.scdn.co/image/ab67616d00001e0235590cb9280d5a1f5221ae1a', 'width': 300}, {'height': 64, 'url': 'https://i.scdn.co/image/ab67616d0000485135590cb9280d5a1f5221ae1a', 'width': 64}]",2020-06-20T06:19:41Z,2016-05-13,https://open.spotify.com/track/5masKPHeAOVNgxdLebIcK7,23fqKkggKUBHNkbKtXEls4,78,0.64,0.635,8,-7.565,0,0.226,0.271,0.0,0.319,0.475,100.034,audio_features,spotify:track:5masKPHeAOVNgxdLebIcK7,https://api.spotify.com/v1/tracks/5masKPHeAOVNgxdLebIcK7,https://api.spotify.com/v1/audio-analysis/5masKPHeAOVNgxdLebIcK7,223187,4
2d8JP84HNLKhmd6IYOoupQ,Trap Queen,"[{'height': 640, 'url': 'https://i.scdn.co/image/ab67616d0000b273de6bd09b07e2b4af4e409f6c', 'width': 640}, {'height': 300, 'url': 'https://i.scdn.co/image/ab67616d00001e02de6bd09b07e2b4af4e409f6c', 'width': 300}, {'height': 64, 'url': 'https://i.scdn.co/image/ab67616d00004851de6bd09b07e2b4af4e409f6c', 'width': 64}]",2020-06-20T06:19:41Z,2015-09-25,https://open.spotify.com/track/2d8JP84HNLKhmd6IYOoupQ,6PXS4YHDkKvl1wkIl4V8DL,77,0.746,0.873,7,-3.803,1,0.128,0.0244,0.0,0.354,0.817,148.075,audio_features,spotify:track:2d8JP84HNLKhmd6IYOoupQ,https://api.spotify.com/v1/tracks/2d8JP84HNLKhmd6IYOoupQ,https://api.spotify.com/v1/audio-analysis/2d8JP84HNLKhmd6IYOoupQ,222093,4
7FYH5AW3bVfZHJIQpq3UOA,I Don't Fuck With You,"[{'height': 640, 'url': 'https://i.scdn.co/image/ab67616d0000b27350192d5f728fea13fb3af203', 'width': 640}, {'height': 300, 'url': 'https://i.scdn.co/image/ab67616d00001e0250192d5f728fea13fb3af203', 'width': 300}, {'height': 64, 'url': 'https://i.scdn.co/image/ab67616d0000485150192d5f728fea13fb3af203', 'width': 64}]",2020-06-20T06:19:41Z,2015-02-24,https://open.spotify.com/track/7FYH5AW3bVfZHJIQpq3UOA,0c173mlxpT3dSFRgMO8XPh,77,0.824,0.733,1,-5.474,1,0.0613,0.0362,0.0,0.325,0.395,97.972,audio_features,spotify:track:7FYH5AW3bVfZHJIQpq3UOA,https://api.spotify.com/v1/tracks/7FYH5AW3bVfZHJIQpq3UOA,https://api.spotify.com/v1/audio-analysis/7FYH5AW3bVfZHJIQpq3UOA,284387,4
46lFttIf5hnUZMGvjK0Wxo,Runaway (U & I),"[{'height': 640, 'url': 'https://i.scdn.co/image/ab67616d0000b2732b517912fd69652ff10d8e11', 'width': 640}, {'height': 300, 'url': 'https://i.scdn.co/image/ab67616d00001e022b517912fd69652ff10d8e11', 'width': 300}, {'height': 64, 'url': 'https://i.scdn.co/image/ab67616d000048512b517912fd69652ff10d8e11', 'width': 64}]",2020-06-20T06:19:41Z,2015-06-05,https://open.spotify.com/track/46lFttIf5hnUZMGvjK0Wxo,4sTQVOfp9vEMCemLw50sbu,77,0.506,0.805,1,-4.119,1,0.0469,0.00711,0.00193,0.0856,0.383,126.008,audio_features,spotify:track:46lFttIf5hnUZMGvjK0Wxo,https://api.spotify.com/v1/tracks/46lFttIf5hnUZMGvjK0Wxo,https://api.spotify.com/v1/audio-analysis/46lFttIf5hnUZMGvjK0Wxo,227074,4
7GgWAITsYJaRM3r50rfh5w,When We Were Young,"[{'height': 640, 'url': 'https://i.scdn.co/image/ab67616d0000b27347ce408fb4926d69da6713c2', 'width': 640}, {'height': 300, 'url': 'https://i.scdn.co/image/ab67616d00001e0247ce408fb4926d69da6713c2', 'width': 300}, {'height': 64, 'url': 'https://i.scdn.co/image/ab67616d0000485147ce408fb4926d69da6713c2', 'width': 64}]",2020-06-20T06:19:41Z,2015-11-20,https://open.spotify.com/track/7GgWAITsYJaRM3r50rfh5w,4dpARuHxo51G3z768sgnrY,76,0.376,0.595,3,-5.936,1,0.0496,0.303,0.0,0.095,0.265,144.361,audio_features,spotify:track:7GgWAITsYJaRM3r50rfh5w,https://api.spotify.com/v1/tracks/7GgWAITsYJaRM3r50rfh5w,https://api.spotify.com/v1/audio-analysis/7GgWAITsYJaRM3r50rfh5w,290900,4
3cU2wBxuV6nFiuf6PJZNlC,Dear Future Husband,"[{'height': 640, 'url': 'https://i.scdn.co/image/ab67616d0000b2733b11178cccd78ec77fc12dbc', 'width': 640}, {'height': 300, 'url': 'https://i.scdn.co/image/ab67616d00001e023b11178cccd78ec77fc12dbc', 'width': 300}, {'height': 64, 'url': 'https://i.scdn.co/image/ab67616d000048513b11178cccd78ec77fc12dbc', 'width': 64}]",2020-06-20T06:19:41Z,2015-01-09,https://open.spotify.com/track/3cU2wBxuV6nFiuf6PJZNlC,6JL8zeS1NmiOftqZTRgdTz,76,0.655,0.782,1,-4.789,1,0.185,0.375,0.0,0.317,0.832,79.427,audio_features,spotify:track:3cU2wBxuV6nFiuf6PJZNlC,https://api.spotify.com/v1/tracks/3cU2wBxuV6nFiuf6PJZNlC,https://api.spotify.com/v1/audio-analysis/3cU2wBxuV6nFiuf6PJZNlC,184227,4
0N3W5peJUQtI4eyR6GJT5O,King Kunta,"[{'height': 640, 'url': 'https://i.scdn.co/image/ab67616d0000b273cdb645498cd3d8a2db4d05e1', 'width': 640}, {'height': 300, 'url': 'https://i.scdn.co/image/ab67616d00001e02cdb645498cd3d8a2db4d05e1', 'width': 300}, {'height': 64, 'url': 'https://i.scdn.co/image/ab67616d00004851cdb645498cd3d8a2db4d05e1', 'width': 64}]",2020-06-20T06:19:41Z,2015-03-16,https://open.spotify.com/track/0N3W5peJUQtI4eyR6GJT5O,2YZyLoL8N0Wb9xBt1NhZWg,76,0.884,0.657,6,-4.569,0,0.0977,0.00589,0.0,0.154,0.489,107.059,audio_features,spotify:track:0N3W5peJUQtI4eyR6GJT5O,https://api.spotify.com/v1/tracks/0N3W5peJUQtI4eyR6GJT5O,https://api.spotify.com/v1/audio-analysis/0N3W5peJUQtI4eyR6GJT5O,234693,4
1wHZx0LgzFHyeIZkUydNXq,Antidote,"[{'height': 640, 'url': 'https://i.scdn.co/image/ab67616d0000b273715973050587fe3c93033aad', 'width': 640}, {'height': 300, 'url': 'https://i.scdn.co/image/ab67616d00001e02715973050587fe3c93033aad', 'width': 300}, {'height': 64, 'url': 'https://i.scdn.co/image/ab67616d00004851715973050587fe3c93033aad', 'width': 64}]",2020-06-20T06:19:41Z,2015-09-04,https://open.spotify.com/track/1wHZx0LgzFHyeIZkUydNXq,0Y5tJX1MQlPlqiwlOH1tJY,76,0.713,0.526,1,-5.046,1,0.032,0.00767,0.000148,0.124,0.131,131.05,audio_features,spotify:track:1wHZx0LgzFHyeIZkUydNXq,https://api.spotify.com/v1/tracks/1wHZx0LgzFHyeIZkUydNXq,https://api.spotify.com/v1/audio-analysis/1wHZx0LgzFHyeIZkUydNXq,262693,4
5kNe7PE09d6Kvw5pAsx23n,Die A Happy Man,"[{'height': 640, 'url': 'https://i.scdn.co/image/ab67616d0000b273f00a1acf866539632b187ea0', 'width': 640}, {'height': 300, 'url': 'https://i.scdn.co/image/ab67616d00001e02f00a1acf866539632b187ea0', 'width': 300}, {'height': 64, 'url': 'https://i.scdn.co/image/ab67616d00004851f00a1acf866539632b187ea0', 'width': 64}]",2020-06-20T06:19:41Z,2015-01-01,https://open.spotify.com/track/5kNe7PE09d6Kvw5pAsx23n,6x2LnllRG5uGarZMsD4iO8,76,0.595,0.389,2,-9.245,1,0.0349,0.418,1.39e-06,0.116,0.4,166.052,audio_features,spotify:track:5kNe7PE09d6Kvw5pAsx23n,https://api.spotify.com/v1/tracks/5kNe7PE09d6Kvw5pAsx23n,https://api.spotify.com/v1/audio-analysis/5kNe7PE09d6Kvw5pAsx23n,227427,4
66hayvUbTotekKU3H4ta1f,Where Are Ãœ Now (with Justin Bieber),"[{'height': 640, 'url': 'https://i.scdn.co/image/ab67616d0000b27357fc4730e06c9ab20c1e073b', 'width': 640}, {'height': 300, 'url': 'https://i.scdn.co/image/ab67616d00001e0257fc4730e06c9ab20c1e073b', 'width': 300}, {'height': 64, 'url': 'https://i.scdn.co/image/ab67616d0000485157fc4730e06c9ab20c1e073b', 'width': 64}]",2020-06-20T06:19:41Z,2015-02-24,https://open.spotify.com/track/66hayvUbTotekKU3H4ta1f,1HxJeLhIuegM3KgvPn8sTa,76,0.432,0.781,4,-4.038,0,0.0567,0.041,4.21e-06,0.0789,0.197,139.432,audio_features,spotify:track:66hayvUbTotekKU3H4ta1f,https://api.spotify.com/v1/tracks/66hayvUbTotekKU3H4ta1f,https://api.spotify.com/v1/audio-analysis/66hayvUbTotekKU3H4ta1f,250286,4
7lGKEWMXVWWTt3X71Bv44I,Unsteady,"[{'height': 640, 'url': 'https://i.scdn.co/image/ab67616d0000b27352e8aa3275f7a3ee9c1e3628', 'width': 640}, {'height': 300, 'url': 'https://i.scdn.co/image/ab67616d00001e0252e8aa3275f7a3ee9c1e3628', 'width': 300}, {'height': 64, 'url': 'https://i.scdn.co/image/ab67616d0000485152e8aa3275f7a3ee9c1e3628', 'width': 64}]",2020-06-20T06:19:41Z,2015-06-30,https://open.spotify.com/track/7lGKEWMXVWWTt3X71Bv44I,3NPpFNZtSTHheNBaWC82rB,76,0.389,0.665,0,-6.169,1,0.0644,0.178,0.000732,0.116,0.199,117.055,audio_features,spotify:track:7lGKEWMXVWWTt3X71Bv44I,https://api.spotify.com/v1/tracks/7lGKEWMXVWWTt3X71Bv44I,https://api.spotify.com/v1/audio-analysis/7lGKEWMXVWWTt3X71Bv44I,193547,4
6rmXhRIemCTPyMYZRDN7Qg,Black Magic,"[{'height': 640, 'url': 'https://i.scdn.co/image/ab67616d0000b273995994477ea1ae8097978bf8', 'width': 640}, {'height': 300, 'url': 'https://i.scdn.co/image/ab67616d00001e02995994477ea1ae8097978bf8', 'width': 300}, {'height': 64, 'url': 'https://i.scdn.co/image/ab67616d00004851995994477ea1ae8097978bf8', 'width': 64}]",2020-06-20T06:19:41Z,2015-11-06,https://open.spotify.com/track/6rmXhRIemCTPyMYZRDN7Qg,3e7awlrlDSwF3iM0WBjGMp,76,0.776,0.875,4,-5.535,1,0.0575,0.0343,0.0,0.314,0.849,111.988,audio_features,spotify:track:6rmXhRIemCTPyMYZRDN7Qg,https://api.spotify.com/v1/tracks/6rmXhRIemCTPyMYZRDN7Qg,https://api.spotify.com/v1/audio-analysis/6rmXhRIemCTPyMYZRDN7Qg,211786,4
3c8iiZGfEammKJuWTErE5x,Ain't Nobody (Loves Me Better) (feat. Jasmine Thompson),"[{'height': 640, 'url': 'https://i.scdn.co/image/ab67616d0000b2739713f1939e377cf85a2a5b16', 'width': 640}, {'height': 300, 'url': 'https://i.scdn.co/image/ab67616d00001e029713f1939e377cf85a2a5b16', 'width': 300}, {'height': 64, 'url': 'https://i.scdn.co/image/ab67616d000048519713f1939e377cf85a2a5b16', 'width': 64}]",2020-06-20T06:19:41Z,2018-02-16,https://open.spotify.com/track/3c8iiZGfEammKJuWTErE5x,4bL2B6hmLlMWnUEZnorEtG,75,0.778,0.566,2,-6.959,0,0.0311,0.672,0.000197,0.0698,0.479,117.971,audio_features,spotify:track:3c8iiZGfEammKJuWTErE5x,https://api.spotify.com/v1/tracks/3c8iiZGfEammKJuWTErE5x,https://api.spotify.com/v1/audio-analysis/3c8iiZGfEammKJuWTErE5x,186147,4
0t7fVeEJxO2Xi4H2K5Svc9,Send My Love (To Your New Lover),"[{'height': 640, 'url': 'https://i.scdn.co/image/ab67616d0000b27347ce408fb4926d69da6713c2', 'width': 640}, {'height': 300, 'url': 'https://i.scdn.co/image/ab67616d00001e0247ce408fb4926d69da6713c2', 'width': 300}, {'height': 64, 'url': 'https://i.scdn.co/image/ab67616d0000485147ce408fb4926d69da6713c2', 'width': 64}]",2020-06-20T06:19:41Z,2015-11-20,https://open.spotify.com/track/0t7fVeEJxO2Xi4H2K5Svc9,4dpARuHxo51G3z768sgnrY,76,0.688,0.533,6,-8.363,0,0.0865,0.0355,3.48e-06,0.172,0.567,164.069,audio_features,spotify:track:0t7fVeEJxO2Xi4H2K5Svc9,https://api.spotify.com/v1/tracks/0t7fVeEJxO2Xi4H2K5Svc9,https://api.spotify.com/v1/audio-analysis/0t7fVeEJxO2Xi4H2K5Svc9,223079,4
6hmhG1b4LEyNuashVvuIAo,Never Forget You,"[{'height': 640, 'url': 'https://i.scdn.co/image/ab67616d0000b2739e1683774b22648f4f178ed3', 'width': 640}, {'height': 300, 'url': 'https://i.scdn.co/image/ab67616d00001e029e1683774b22648f4f178ed3', 'width': 300}, {'height': 64, 'url': 'https://i.scdn.co/image/ab67616d000048519e1683774b22648f4f178ed3', 'width': 64}]",2020-06-20T06:19:41Z,2017-03-17,https://open.spotify.com/track/6hmhG1b4LEyNuashVvuIAo,1Xylc3o4UrD53lo9CvFvVg,75,0.583,0.732,11,-5.728,0,0.0457,0.00312,9.86e-06,0.269,0.276,145.992,audio_features,spotify:track:6hmhG1b4LEyNuashVvuIAo,https://api.spotify.com/v1/tracks/6hmhG1b4LEyNuashVvuIAo,https://api.spotify.com/v1/audio-analysis/6hmhG1b4LEyNuashVvuIAo,213428,4
41Fflg7qHiVOD6dEPvsCzO,Worth It (feat. Kid Ink),"[{'height': 640, 'url': 'https://i.scdn.co/image/ab67616d0000b2735bdd9e580fdda5e676a25e6a', 'width': 640}, {'height': 300, 'url': 'https://i.scdn.co/image/ab67616d00001e025bdd9e580fdda5e676a25e6a', 'width': 300}, {'height': 64, 'url': 'https://i.scdn.co/image/ab67616d000048515bdd9e580fdda5e676a25e6a', 'width': 64}]",2020-06-20T06:19:41Z,2015-01-30,https://open.spotify.com/track/41Fflg7qHiVOD6dEPvsCzO,1l8Fu6IkuTP0U5QetQJ5Xt,75,0.884,0.765,8,-3.865,1,0.0882,0.063,7.04e-06,0.118,0.594,99.987,audio_features,spotify:track:41Fflg7qHiVOD6dEPvsCzO,https://api.spotify.com/v1/tracks/41Fflg7qHiVOD6dEPvsCzO,https://api.spotify.com/v1/audio-analysis/41Fflg7qHiVOD6dEPvsCzO,224573,4
6wJwkMo278iWVlWl1XQ4WA,The Heart Wants What It Wants,"[{'height': 640, 'url': 'https://i.scdn.co/image/ab67616d0000b273f7dd2cadacebfe2d3c5d96be', 'width': 640}, {'height': 300, 'url': 'https://i.scdn.co/image/ab67616d00001e02f7dd2cadacebfe2d3c5d96be', 'width': 300}, {'height': 64, 'url': 'https://i.scdn.co/image/ab67616d00004851f7dd2cadacebfe2d3c5d96be', 'width': 64}]",2020-06-20T06:19:41Z,2014-01-01,https://open.spotify.com/track/6wJwkMo278iWVlWl1XQ4WA,0C8ZW7ezQVs4URX5aX7Kqx,74,0.616,0.789,7,-4.874,0,0.0377,0.053,0.0,0.142,0.621,83.066,audio_features,spotify:track:6wJwkMo278iWVlWl1XQ4WA,https://api.spotify.com/v1/tracks/6wJwkMo278iWVlWl1XQ4WA,https://api.spotify.com/v1/audio-analysis/6wJwkMo278iWVlWl1XQ4WA,227373,4
70eDxAyAraNTiD6lx2ZEnH,Ex's & Oh's,"[{'height': 640, 'url': 'https://i.scdn.co/image/ab67616d0000b273eb5a4a3ad6b9548ce4ca2c03', 'width': 640}, {'height': 300, 'url': 'https://i.scdn.co/image/ab67616d00001e02eb5a4a3ad6b9548ce4ca2c03', 'width': 300}, {'height': 64, 'url': 'https://i.scdn.co/image/ab67616d00004851eb5a4a3ad6b9548ce4ca2c03', 'width': 64}]",2020-06-20T06:19:41Z,2015-02-13,https://open.spotify.com/track/70eDxAyAraNTiD6lx2ZEnH,3bhu7P5PfngueRHiB9hjcx,74,0.612,0.921,7,-2.882,1,0.085,0.0183,0.0,0.0576,0.446,139.988,audio_features,spotify:track:70eDxAyAraNTiD6lx2ZEnH,https://api.spotify.com/v1/tracks/70eDxAyAraNTiD6lx2ZEnH,https://api.spotify.com/v1/audio-analysis/70eDxAyAraNTiD6lx2ZEnH,202173,4
5zUQZjVB6bfewBXWqsP9PY,Here,"[{'height': 640, 'url': 'https://i.scdn.co/image/ab67616d0000b273d7ef1ffbd2a5821152f35ce1', 'width': 640}, {'height': 300, 'url': 'https://i.scdn.co/image/ab67616d00001e02d7ef1ffbd2a5821152f35ce1', 'width': 300}, {'height': 64, 'url': 'https://i.scdn.co/image/ab67616d00004851d7ef1ffbd2a5821152f35ce1', 'width': 64}]",2020-06-22T07:46:01Z,2015-11-13,https://open.spotify.com/track/5zUQZjVB6bfewBXWqsP9PY,2wUjUUtkb5lvLKcGKsKqsR,74,0.376,0.821,0,-3.974,1,0.104,0.0785,0.0,0.0823,0.331,120.462,audio_features,spotify:track:5zUQZjVB6bfewBXWqsP9PY,https://api.spotify.com/v1/tracks/5zUQZjVB6bfewBXWqsP9PY,https://api.spotify.com/v1/audio-analysis/5zUQZjVB6bfewBXWqsP9PY,199453,4
0k6DnZMLoEUH8NGD5zh2SE,Ayo,"[{'height': 640, 'url': 'https://i.scdn.co/image/ab67616d0000b273770842637a8e7348fc4687a3', 'width': 640}, {'height': 300, 'url': 'https://i.scdn.co/image/ab67616d00001e02770842637a8e7348fc4687a3', 'width': 300}, {'height': 64, 'url': 'https://i.scdn.co/image/ab67616d00004851770842637a8e7348fc4687a3', 'width': 64}]",2020-06-20T06:19:41Z,2015-02-24,https://open.spotify.com/track/0k6DnZMLoEUH8NGD5zh2SE,7bXgB6jMjp9ATFy66eO08Z,74,0.823,0.563,6,-5.095,1,0.0443,0.0399,0.0,0.0851,0.682,98.031,audio_features,spotify:track:0k6DnZMLoEUH8NGD5zh2SE,https://api.spotify.com/v1/tracks/0k6DnZMLoEUH8NGD5zh2SE,https://api.spotify.com/v1/audio-analysis/0k6DnZMLoEUH8NGD5zh2SE,225227,4
62PaSfnXSMyLshYJrlTuL3,Hello,"[{'height': 640, 'url': 'https://i.scdn.co/image/ab67616d0000b27347ce408fb4926d69da6713c2', 'width': 640}, {'height': 300, 'url': 'https://i.scdn.co/image/ab67616d00001e0247ce408fb4926d69da6713c2', 'width': 300}, {'height': 64, 'url': 'https://i.scdn.co/image/ab67616d0000485147ce408fb4926d69da6713c2', 'width': 64}]",2020-06-20T06:19:41Z,2015-11-20,https://open.spotify.com/track/62PaSfnXSMyLshYJrlTuL3,4dpARuHxo51G3z768sgnrY,76,0.578,0.43,5,-6.134,0,0.0305,0.33,0.0,0.0854,0.288,78.991,audio_features,spotify:track:62PaSfnXSMyLshYJrlTuL3,https://api.spotify.com/v1/tracks/62PaSfnXSMyLshYJrlTuL3,https://api.spotify.com/v1/audio-analysis/62PaSfnXSMyLshYJrlTuL3,295502,4
3MOECVkNshqHYTPt5DZcdN,Five More Hours,"[{'height': 640, 'url': 'https://i.scdn.co/image/ab67616d0000b273fe3951b474a76b0f25e3c760', 'width': 640}, {'height': 300, 'url': 'https://i.scdn.co/image/ab67616d00001e02fe3951b474a76b0f25e3c760', 'width': 300}, {'height': 64, 'url': 'https://i.scdn.co/image/ab67616d00004851fe3951b474a76b0f25e3c760', 'width': 64}]",2020-06-20T06:19:41Z,2017-03-31,https://open.spotify.com/track/3MOECVkNshqHYTPt5DZcdN,6VD4UEUPvtsemqD3mmTqCR,73,0.699,0.883,5,-3.226,0,0.219,0.0288,0.0,0.817,0.499,127.961,audio_features,spotify:track:3MOECVkNshqHYTPt5DZcdN,https://api.spotify.com/v1/tracks/3MOECVkNshqHYTPt5DZcdN,https://api.spotify.com/v1/audio-analysis/3MOECVkNshqHYTPt5DZcdN,211975,4
27GmP9AWRs744SzKcpJsTZ,Jumpman,"[{'height': 640, 'url': 'https://i.scdn.co/image/ab67616d0000b273d6adfbd3f091d6f2b9af6507', 'width': 640}, {'height': 300, 'url': 'https://i.scdn.co/image/ab67616d00001e02d6adfbd3f091d6f2b9af6507', 'width': 300}, {'height': 64, 'url': 'https://i.scdn.co/image/ab67616d00004851d6adfbd3f091d6f2b9af6507', 'width': 64}]",2020-06-20T06:19:41Z,2015-09-20,https://open.spotify.com/track/27GmP9AWRs744SzKcpJsTZ,3TVXtAsR1Inumwj472S9r4,73,0.852,0.553,1,-7.286,1,0.187,0.0559,0.0,0.332,0.656,142.079,audio_features,spotify:track:27GmP9AWRs744SzKcpJsTZ,https://api.spotify.com/v1/tracks/27GmP9AWRs744SzKcpJsTZ,https://api.spotify.com/v1/audio-analysis/27GmP9AWRs744SzKcpJsTZ,205879,4
59HjlYCeBsxdI0fcm3zglw,Wildest Dreams,"[{'height': 640, 'url': 'https://i.scdn.co/image/ab67616d0000b2739abdf14e6058bd3903686148', 'width': 640}, {'height': 300, 'url': 'https://i.scdn.co/image/ab67616d00001e029abdf14e6058bd3903686148', 'width': 300}, {'height': 64, 'url': 'https://i.scdn.co/image/ab67616d000048519abdf14e6058bd3903686148', 'width': 64}]",2020-06-20T06:19:41Z,2014-10-27,https://open.spotify.com/track/59HjlYCeBsxdI0fcm3zglw,06HL4z0CvFAxyc27GXpf02,73,0.554,0.666,8,-7.414,1,0.0747,0.0702,0.00593,0.106,0.472,140.056,audio_features,spotify:track:59HjlYCeBsxdI0fcm3zglw,https://api.spotify.com/v1/tracks/59HjlYCeBsxdI0fcm3zglw,https://api.spotify.com/v1/audio-analysis/59HjlYCeBsxdI0fcm3zglw,220440,4
2glGP8kEfACgJdZ86kWxhN,Are You With Me - Radio Edit,"[{'height': 640, 'url': 'https://i.scdn.co/image/ab67616d0000b27354ccfd097ec3c9335d030cdc', 'width': 640}, {'height': 300, 'url': 'https://i.scdn.co/image/ab67616d00001e0254ccfd097ec3c9335d030cdc', 'width': 300}, {'height': 64, 'url': 'https://i.scdn.co/image/ab67616d0000485154ccfd097ec3c9335d030cdc', 'width': 64}]",2020-06-20T06:19:41Z,2016-10-21,https://open.spotify.com/track/2glGP8kEfACgJdZ86kWxhN,7f5Zgnp2spUuuzKplmRkt7,73,0.763,0.608,5,-8.1,0,0.035,0.262,2.5e-05,0.12,0.393,121.02,audio_features,spotify:track:2glGP8kEfACgJdZ86kWxhN,https://api.spotify.com/v1/tracks/2glGP8kEfACgJdZ86kWxhN,https://api.spotify.com/v1/audio-analysis/2glGP8kEfACgJdZ86kWxhN,138013,4
4scpF6J5uMBvoh6sFB7EL1,No Type,"[{'height': 640, 'url': 'https://i.scdn.co/image/ab67616d0000b2734ca3fb4517ff722918877460', 'width': 640}, {'height': 300, 'url': 'https://i.scdn.co/image/ab67616d00001e024ca3fb4517ff722918877460', 'width': 300}, {'height': 64, 'url': 'https://i.scdn.co/image/ab67616d000048514ca3fb4517ff722918877460', 'width': 64}]",2020-06-20T06:19:41Z,2015-01-06,https://open.spotify.com/track/4scpF6J5uMBvoh6sFB7EL1,7iZtZyCzp3LItcw1wtPI3D,73,0.891,0.486,6,-7.803,1,0.159,0.0158,3.78e-06,0.0925,0.239,125.01,audio_features,spotify:track:4scpF6J5uMBvoh6sFB7EL1,https://api.spotify.com/v1/tracks/4scpF6J5uMBvoh6sFB7EL1,https://api.spotify.com/v1/audio-analysis/4scpF6J5uMBvoh6sFB7EL1,200080,4
72Bz4ciRZPBcVSw0nrZDHi,Do It Again,"[{'height': 640, 'url': 'https://i.scdn.co/image/ab67616d0000b273eada09a00d301bcbcfff2bbd', 'width': 640}, {'height': 300, 'url': 'https://i.scdn.co/image/ab67616d00001e02eada09a00d301bcbcfff2bbd', 'width': 300}, {'height': 64, 'url': 'https://i.scdn.co/image/ab67616d00004851eada09a00d301bcbcfff2bbd', 'width': 64}]",2020-06-20T06:19:41Z,2015-05-04,https://open.spotify.com/track/72Bz4ciRZPBcVSw0nrZDHi,1BhWF9W2PngtPSyobKg0rP,73,0.712,0.564,8,-6.527,1,0.047,0.0266,0.0,0.0874,0.411,95.95,audio_features,spotify:track:72Bz4ciRZPBcVSw0nrZDHi,https://api.spotify.com/v1/tracks/72Bz4ciRZPBcVSw0nrZDHi,https://api.spotify.com/v1/audio-analysis/72Bz4ciRZPBcVSw0nrZDHi,207747,4
74sb4Gib0cL3TQeCjYF8vh,Lay Me Down,"[{'height': 640, 'url': 'https://i.scdn.co/image/ab67616d0000b273b11bdc91cb9ac6b14f5c1dae', 'width': 640}, {'height': 300, 'url': 'https://i.scdn.co/image/ab67616d00001e02b11bdc91cb9ac6b14f5c1dae', 'width': 300}, {'height': 64, 'url': 'https://i.scdn.co/image/ab67616d00004851b11bdc91cb9ac6b14f5c1dae', 'width': 64}]",2020-06-20T06:19:41Z,2014-05-26,https://open.spotify.com/track/74sb4Gib0cL3TQeCjYF8vh,2wY79sveU1sp5g7SokKOiI,73,0.417,0.332,4,-9.482,1,0.0494,0.773,1.95e-05,0.109,0.172,119.156,audio_features,spotify:track:74sb4Gib0cL3TQeCjYF8vh,https://api.spotify.com/v1/tracks/74sb4Gib0cL3TQeCjYF8vh,https://api.spotify.com/v1/audio-analysis/74sb4Gib0cL3TQeCjYF8vh,253208,4
4jL6WWKFDqCOPo2hC3VhSS,Water Under the Bridge,"[{'height': 640, 'url': 'https://i.scdn.co/image/ab67616d0000b27347ce408fb4926d69da6713c2', 'width': 640}, {'height': 300, 'url': 'https://i.scdn.co/image/ab67616d00001e0247ce408fb4926d69da6713c2', 'width': 300}, {'height': 64, 'url': 'https://i.scdn.co/image/ab67616d0000485147ce408fb4926d69da6713c2', 'width': 64}]",2020-06-20T06:19:41Z,2015-11-20,https://open.spotify.com/track/4jL6WWKFDqCOPo2hC3VhSS,4dpARuHxo51G3z768sgnrY,73,0.59,0.833,5,-6.503,0,0.0615,0.0142,5.4e-06,0.105,0.538,94.963,audio_features,spotify:track:4jL6WWKFDqCOPo2hC3VhSS,https://api.spotify.com/v1/tracks/4jL6WWKFDqCOPo2hC3VhSS,https://api.spotify.com/v1/audio-analysis/4jL6WWKFDqCOPo2hC3VhSS,240439,4
2hHLbkatPwOOmrNxTiD41L,I Really Like You,"[{'height': 640, 'url': 'https://i.scdn.co/image/ab67616d0000b2735708b3925c13b1b8d6fac466', 'width': 640}, {'height': 300, 'url': 'https://i.scdn.co/image/ab67616d00001e025708b3925c13b1b8d6fac466', 'width': 300}, {'height': 64, 'url': 'https://i.scdn.co/image/ab67616d000048515708b3925c13b1b8d6fac466', 'width': 64}]",2020-06-20T06:19:41Z,2015,https://open.spotify.com/track/2hHLbkatPwOOmrNxTiD41L,6sFIWsNpZYqfjUpaCgueju,72,0.62,0.805,5,-5.538,1,0.0417,0.00564,9.15e-05,0.285,0.586,122.062,audio_features,spotify:track:2hHLbkatPwOOmrNxTiD41L,https://api.spotify.com/v1/tracks/2hHLbkatPwOOmrNxTiD41L,https://api.spotify.com/v1/audio-analysis/2hHLbkatPwOOmrNxTiD41L,204764,4
7g3htkaLz4ETFn0cifwM3y,High By The Beach,"[{'height': 640, 'url': 'https://i.scdn.co/image/ab67616d0000b273a3b3f48ca81acacb3ad4ec8a', 'width': 640}, {'height': 300, 'url': 'https://i.scdn.co/image/ab67616d00001e02a3b3f48ca81acacb3ad4ec8a', 'width': 300}, {'height': 64, 'url': 'https://i.scdn.co/image/ab67616d00004851a3b3f48ca81acacb3ad4ec8a', 'width': 64}]",2021-08-10T04:26:14Z,2015-09-18,https://open.spotify.com/track/7g3htkaLz4ETFn0cifwM3y,00FQb4jTyendYWaN8pK0wa,72,0.536,0.486,11,-11.067,0,0.0346,0.244,0.00788,0.12,0.0968,131.988,audio_features,spotify:track:7g3htkaLz4ETFn0cifwM3y,https://api.spotify.com/v1/tracks/7g3htkaLz4ETFn0cifwM3y,https://api.spotify.com/v1/audio-analysis/7g3htkaLz4ETFn0cifwM3y,257573,4
57kR5SniQIbsbVoIjjOUDa,You Know You Like It,"[{'height': 640, 'url': 'https://i.scdn.co/image/ab67616d0000b273567a71695181017949f14f99', 'width': 640}, {'height': 300, 'url': 'https://i.scdn.co/image/ab67616d00001e02567a71695181017949f14f99', 'width': 300}, {'height': 64, 'url': 'https://i.scdn.co/image/ab67616d00004851567a71695181017949f14f99', 'width': 64}]",2020-06-20T06:19:41Z,2014-10-14,https://open.spotify.com/track/57kR5SniQIbsbVoIjjOUDa,540vIaP2JwjQb9dm3aArA4,72,0.407,0.725,5,-5.346,0,0.188,0.0141,2.46e-06,0.306,0.247,196.093,audio_features,spotify:track:57kR5SniQIbsbVoIjjOUDa,https://api.spotify.com/v1/tracks/57kR5SniQIbsbVoIjjOUDa,https://api.spotify.com/v1/audio-analysis/57kR5SniQIbsbVoIjjOUDa,247267,4
1VyiUi0mRnSKgtHa5dBoUd,Spirits,"[{'height': 640, 'url': 'https://i.scdn.co/image/ab67616d0000b273ad4ffe5582ca7665fb08a0fa', 'width': 640}, {'height': 300, 'url': 'https://i.scdn.co/image/ab67616d00001e02ad4ffe5582ca7665fb08a0fa', 'width': 300}, {'height': 64, 'url': 'https://i.scdn.co/image/ab67616d00004851ad4ffe5582ca7665fb08a0fa', 'width': 64}]",2021-08-10T04:26:14Z,2016-04-22,https://open.spotify.com/track/1VyiUi0mRnSKgtHa5dBoUd,6ujr1NkqbZpYOhquczUUfl,72,0.556,0.657,0,-6.075,1,0.0265,0.17,0.0,0.113,0.79,80.529,audio_features,spotify:track:1VyiUi0mRnSKgtHa5dBoUd,https://api.spotify.com/v1/tracks/1VyiUi0mRnSKgtHa5dBoUd,https://api.spotify.com/v1/audio-analysis/1VyiUi0mRnSKgtHa5dBoUd,203653,4
6xsEAm6w9oMQYYg3jkEkMT,Bad Blood,"[{'height': 640, 'url': 'https://i.scdn.co/image/ab67616d0000b2737941dc6a3a023016acbe3d06', 'width': 640}, {'height': 300, 'url': 'https://i.scdn.co/image/ab67616d00001e027941dc6a3a023016acbe3d06', 'width': 300}, {'height': 64, 'url': 'https://i.scdn.co/image/ab67616d000048517941dc6a3a023016acbe3d06', 'width': 64}]",2020-06-20T06:19:41Z,2015-05-17,https://open.spotify.com/track/6xsEAm6w9oMQYYg3jkEkMT,06HL4z0CvFAxyc27GXpf02,73,0.654,0.655,11,-7.388,0,0.106,0.0294,0.0,0.139,0.221,170.16,audio_features,spotify:track:6xsEAm6w9oMQYYg3jkEkMT,https://api.spotify.com/v1/tracks/6xsEAm6w9oMQYYg3jkEkMT,https://api.spotify.com/v1/audio-analysis/6xsEAm6w9oMQYYg3jkEkMT,200107,4
36phXHOKx8rO7CMp2vNX4x,Love Myself,"[{'height': 640, 'url': 'https://i.scdn.co/image/ab67616d0000b273a923f5d2fed06c911c788306', 'width': 640}, {'height': 300, 'url': 'https://i.scdn.co/image/ab67616d00001e02a923f5d2fed06c911c788306', 'width': 300}, {'height': 64, 'url': 'https://i.scdn.co/image/ab67616d00004851a923f5d2fed06c911c788306', 'width': 64}]",2020-06-20T06:19:41Z,2016-02-26,https://open.spotify.com/track/36phXHOKx8rO7CMp2vNX4x,5p7f24Rk5HkUZsaS3BLG5F,72,0.617,0.759,0,-6.785,0,0.0678,0.0026,0.0,0.419,0.324,122.924,audio_features,spotify:track:36phXHOKx8rO7CMp2vNX4x,https://api.spotify.com/v1/tracks/36phXHOKx8rO7CMp2vNX4x,https://api.spotify.com/v1/audio-analysis/36phXHOKx8rO7CMp2vNX4x,218773,4
6TaqooOXAEcijL6G1AWS2K,All My Friends (feat. Tinashe & Chance the Rapper),"[{'height': 640, 'url': 'https://i.scdn.co/image/ab67616d0000b273b7c1b8d64563e06b4b0c7919', 'width': 640}, {'height': 300, 'url': 'https://i.scdn.co/image/ab67616d00001e02b7c1b8d64563e06b4b0c7919', 'width': 300}, {'height': 64, 'url': 'https://i.scdn.co/image/ab67616d00004851b7c1b8d64563e06b4b0c7919', 'width': 64}]",2020-06-22T07:46:01Z,2015-10-21,https://open.spotify.com/track/6TaqooOXAEcijL6G1AWS2K,2FwJwEswyIUAljqgjNSHgP,72,0.681,0.521,0,-5.849,1,0.141,0.12,8.41e-05,0.108,0.181,94.997,audio_features,spotify:track:6TaqooOXAEcijL6G1AWS2K,https://api.spotify.com/v1/tracks/6TaqooOXAEcijL6G1AWS2K,https://api.spotify.com/v1/audio-analysis/6TaqooOXAEcijL6G1AWS2K,229747,4
26rdOwwjC2UnweK3xeS58u,GDFR (feat. Sage the Gemini & Lookas),"[{'height': 640, 'url': 'https://i.scdn.co/image/ab67616d0000b2737947bf3e8af32378de181b41', 'width': 640}, {'height': 300, 'url': 'https://i.scdn.co/image/ab67616d00001e027947bf3e8af32378de181b41', 'width': 300}, {'height': 64, 'url': 'https://i.scdn.co/image/ab67616d000048517947bf3e8af32378de181b41', 'width': 64}]",2020-06-20T06:19:41Z,2015-04-07,https://open.spotify.com/track/26rdOwwjC2UnweK3xeS58u,0jnsk9HBra6NMjO2oANoPY,72,0.657,0.827,5,-4.036,1,0.0734,0.000704,0.00534,0.065,0.69,145.889,audio_features,spotify:track:26rdOwwjC2UnweK3xeS58u,https://api.spotify.com/v1/tracks/26rdOwwjC2UnweK3xeS58u,https://api.spotify.com/v1/audio-analysis/26rdOwwjC2UnweK3xeS58u,190186,4
0fgZUSa7D7aVvv3GfO0A1n,Post to Be (feat. Chris Brown & Jhene Aiko),"[{'height': 640, 'url': 'https://i.scdn.co/image/ab67616d0000b2731fee82228aa487380e1ee1dc', 'width': 640}, {'height': 300, 'url': 'https://i.scdn.co/image/ab67616d00001e021fee82228aa487380e1ee1dc', 'width': 300}, {'height': 64, 'url': 'https://i.scdn.co/image/ab67616d000048511fee82228aa487380e1ee1dc', 'width': 64}]",2020-06-20T06:19:41Z,2014-12-02,https://open.spotify.com/track/0fgZUSa7D7aVvv3GfO0A1n,0f5nVCcR06GX8Qikz0COtT,72,0.733,0.676,10,-5.655,0,0.0432,0.0697,0.0,0.208,0.701,97.448,audio_features,spotify:track:0fgZUSa7D7aVvv3GfO0A1n,https://api.spotify.com/v1/tracks/0fgZUSa7D7aVvv3GfO0A1n,https://api.spotify.com/v1/audio-analysis/0fgZUSa7D7aVvv3GfO0A1n,226581,4
13HVjjWUZFaWilh2QUJKsP,Let It Go,"[{'height': 640, 'url': 'https://i.scdn.co/image/ab67616d0000b273b36f5e7575a59b21aef432f2', 'width': 640}, {'height': 300, 'url': 'https://i.scdn.co/image/ab67616d00001e02b36f5e7575a59b21aef432f2', 'width': 300}, {'height': 64, 'url': 'https://i.scdn.co/image/ab67616d00004851b36f5e7575a59b21aef432f2', 'width': 64}]",2020-06-20T06:19:41Z,2014-12-15,https://open.spotify.com/track/13HVjjWUZFaWilh2QUJKsP,4EzkuveR9pLvDVFNx6foYD,71,0.546,0.311,1,-10.396,1,0.0288,0.818,1.65e-05,0.107,0.246,147.464,audio_features,spotify:track:13HVjjWUZFaWilh2QUJKsP,https://api.spotify.com/v1/tracks/13HVjjWUZFaWilh2QUJKsP,https://api.spotify.com/v1/audio-analysis/13HVjjWUZFaWilh2QUJKsP,260533,4
3cNjgVBKTJ1SvKhunrCdVy,Please Don't Go,"[{'height': 640, 'url': 'https://i.scdn.co/image/ab67616d0000b2733a22ad98e76e2d0c1760345d', 'width': 640}, {'height': 300, 'url': 'https://i.scdn.co/image/ab67616d00001e023a22ad98e76e2d0c1760345d', 'width': 300}, {'height': 64, 'url': 'https://i.scdn.co/image/ab67616d000048513a22ad98e76e2d0c1760345d', 'width': 64}]",2020-06-20T06:19:41Z,2015-11-06,https://open.spotify.com/track/3cNjgVBKTJ1SvKhunrCdVy,36jaGQtMj5UWD0eO1fCVdD,71,0.513,0.768,4,-4.868,0,0.0587,0.0118,1.94e-05,0.294,0.235,84.264,audio_features,spotify:track:3cNjgVBKTJ1SvKhunrCdVy,https://api.spotify.com/v1/tracks/3cNjgVBKTJ1SvKhunrCdVy,https://api.spotify.com/v1/audio-analysis/3cNjgVBKTJ1SvKhunrCdVy,210580,4
6gj08XDlv9Duc2fPOxUmVD,Lips Are Movin,"[{'height': 640, 'url': 'https://i.scdn.co/image/ab67616d0000b2733b11178cccd78ec77fc12dbc', 'width': 640}, {'height': 300, 'url': 'https://i.scdn.co/image/ab67616d00001e023b11178cccd78ec77fc12dbc', 'width': 300}, {'height': 64, 'url': 'https://i.scdn.co/image/ab67616d000048513b11178cccd78ec77fc12dbc', 'width': 64}]",2020-06-20T06:19:41Z,2015-01-09,https://open.spotify.com/track/6gj08XDlv9Duc2fPOxUmVD,6JL8zeS1NmiOftqZTRgdTz,71,0.775,0.825,7,-5.402,1,0.0464,0.0506,1.03e-06,0.111,0.95,139.091,audio_features,spotify:track:6gj08XDlv9Duc2fPOxUmVD,https://api.spotify.com/v1/tracks/6gj08XDlv9Duc2fPOxUmVD,https://api.spotify.com/v1/audio-analysis/6gj08XDlv9Duc2fPOxUmVD,182667,4
0hy1SOTEn9ifXTzOwnCwEr,All Eyes on You (feat. Chris Brown & Nicki Minaj),"[{'height': 640, 'url': 'https://i.scdn.co/image/ab67616d0000b273fd31cd96c4ba94c40532cc34', 'width': 640}, {'height': 300, 'url': 'https://i.scdn.co/image/ab67616d00001e02fd31cd96c4ba94c40532cc34', 'width': 300}, {'height': 64, 'url': 'https://i.scdn.co/image/ab67616d00004851fd31cd96c4ba94c40532cc34', 'width': 64}]",2020-06-20T06:19:41Z,2015-06-29,https://open.spotify.com/track/0hy1SOTEn9ifXTzOwnCwEr,20sxb77xiYeusSH8cVdatc,71,0.589,0.658,11,-5.288,0,0.203,0.0242,0.0,0.118,0.251,77.521,audio_features,spotify:track:0hy1SOTEn9ifXTzOwnCwEr,https://api.spotify.com/v1/tracks/0hy1SOTEn9ifXTzOwnCwEr,https://api.spotify.com/v1/audio-analysis/0hy1SOTEn9ifXTzOwnCwEr,223973,4
4Tt6GiWS2V9sQjZjS2xjp2,"Honey, I'm Good.","[{'height': 640, 'url': 'https://i.scdn.co/image/ab67616d0000b27335ab1495cb665ca6f73242d1', 'width': 640}, {'height': 300, 'url': 'https://i.scdn.co/image/ab67616d00001e0235ab1495cb665ca6f73242d1', 'width': 300}, {'height': 64, 'url': 'https://i.scdn.co/image/ab67616d0000485135ab1495cb665ca6f73242d1', 'width': 64}]",2020-06-20T06:19:41Z,2015-11-20,https://open.spotify.com/track/4Tt6GiWS2V9sQjZjS2xjp2,2oX42qP5ineK3hrhBECLmj,71,0.754,0.802,9,-6.424,1,0.0551,0.0349,0.0,0.335,0.583,122.026,audio_features,spotify:track:4Tt6GiWS2V9sQjZjS2xjp2,https://api.spotify.com/v1/tracks/4Tt6GiWS2V9sQjZjS2xjp2,https://api.spotify.com/v1/audio-analysis/4Tt6GiWS2V9sQjZjS2xjp2,199263,4
02M6vucOvmRfMxTXDUwRXu,7/11,"[{'height': 640, 'url': 'https://i.scdn.co/image/ab67616d0000b2730d1d6e9325275f104f8e33f3', 'width': 640}, {'height': 300, 'url': 'https://i.scdn.co/image/ab67616d00001e020d1d6e9325275f104f8e33f3', 'width': 300}, {'height': 64, 'url': 'https://i.scdn.co/image/ab67616d000048510d1d6e9325275f104f8e33f3', 'width': 64}]",2020-06-20T06:19:41Z,2014-11-24,https://open.spotify.com/track/02M6vucOvmRfMxTXDUwRXu,6vWDO969PvNqNYHIOW5v0m,71,0.747,0.705,9,-5.137,0,0.126,0.0128,0.0,0.126,0.56,136.024,audio_features,spotify:track:02M6vucOvmRfMxTXDUwRXu,https://api.spotify.com/v1/tracks/02M6vucOvmRfMxTXDUwRXu,https://api.spotify.com/v1/audio-analysis/02M6vucOvmRfMxTXDUwRXu,213507,4
4NYwy0R3NdvORX2B6OZXBT,Slow Motion,"[{'height': 640, 'url': 'https://i.scdn.co/image/ab67616d0000b273e04293bed7a0440e3eea2de1', 'width': 640}, {'height': 300, 'url': 'https://i.scdn.co/image/ab67616d00001e02e04293bed7a0440e3eea2de1', 'width': 300}, {'height': 64, 'url': 'https://i.scdn.co/image/ab67616d00004851e04293bed7a0440e3eea2de1', 'width': 64}]",2020-06-20T06:19:41Z,2015-06-23,https://open.spotify.com/track/4NYwy0R3NdvORX2B6OZXBT,2iojnBLj0qIMiKPvVhLnsH,70,0.733,0.408,7,-7.834,0,0.0388,0.679,3.92e-05,0.11,0.291,94.947,audio_features,spotify:track:4NYwy0R3NdvORX2B6OZXBT,https://api.spotify.com/v1/tracks/4NYwy0R3NdvORX2B6OZXBT,https://api.spotify.com/v1/audio-analysis/4NYwy0R3NdvORX2B6OZXBT,197854,4
3ieLey98V9mIIh3W9gBlPF,Barcelona,"[{'height': 640, 'url': 'https://i.scdn.co/image/ab67616d0000b273d6df3bccf3ec41ea2f76debc', 'width': 640}, {'height': 300, 'url': 'https://i.scdn.co/image/ab67616d00001e02d6df3bccf3ec41ea2f76debc', 'width': 300}, {'height': 64, 'url': 'https://i.scdn.co/image/ab67616d00004851d6df3bccf3ec41ea2f76debc', 'width': 64}]",2021-08-10T04:26:14Z,2014-06-30,https://open.spotify.com/track/3ieLey98V9mIIh3W9gBlPF,2ysnwxxNtSgbb9t1m2Ur4j,70,0.629,0.572,5,-9.332,1,0.0307,0.32,0.000853,0.109,0.182,93.997,audio_features,spotify:track:3ieLey98V9mIIh3W9gBlPF,https://api.spotify.com/v1/tracks/3ieLey98V9mIIh3W9gBlPF,https://api.spotify.com/v1/audio-analysis/3ieLey98V9mIIh3W9gBlPF,188960,4
500mvzh7TRZ0YdnVeHhj8b,Light It Up - Remix,"[{'height': 640, 'url': 'https://i.scdn.co/image/ab67616d0000b273548910835dbfaf3f79a1dc46', 'width': 640}, {'height': 300, 'url': 'https://i.scdn.co/image/ab67616d00001e02548910835dbfaf3f79a1dc46', 'width': 300}, {'height': 64, 'url': 'https://i.scdn.co/image/ab67616d00004851548910835dbfaf3f79a1dc46', 'width': 64}]",2020-06-20T06:19:41Z,2015-11-27,https://open.spotify.com/track/500mvzh7TRZ0YdnVeHhj8b,738wLrAtLtCtFOLvQBXOXp,70,0.747,0.877,9,-3.782,0,0.0664,0.0375,0.000833,0.233,0.752,107.991,audio_features,spotify:track:500mvzh7TRZ0YdnVeHhj8b,https://api.spotify.com/v1/tracks/500mvzh7TRZ0YdnVeHhj8b,https://api.spotify.com/v1/audio-analysis/500mvzh7TRZ0YdnVeHhj8b,166138,4
2mCF8L0brIs88eH6Kf2h9p,Fast Car,"[{'height': 640, 'url': 'https://i.scdn.co/image/ab67616d0000b273c1faca501ed4c2752524da96', 'width': 640}, {'height': 300, 'url': 'https://i.scdn.co/image/ab67616d00001e02c1faca501ed4c2752524da96', 'width': 300}, {'height': 64, 'url': 'https://i.scdn.co/image/ab67616d00004851c1faca501ed4c2752524da96', 'width': 64}]",2020-06-20T06:19:41Z,2015-12-04,https://open.spotify.com/track/2mCF8L0brIs88eH6Kf2h9p,1HBjj22wzbscIZ9sEb5dyf,70,0.644,0.57,9,-6.994,1,0.052,0.484,0.0,0.299,0.527,113.945,audio_features,spotify:track:2mCF8L0brIs88eH6Kf2h9p,https://api.spotify.com/v1/tracks/2mCF8L0brIs88eH6Kf2h9p,https://api.spotify.com/v1/audio-analysis/2mCF8L0brIs88eH6Kf2h9p,212424,4
2tpfxAXiI52znho4WE3XFA,Talking Body,"[{'height': 640, 'url': 'https://i.scdn.co/image/ab67616d0000b273d73966976fd29781c3a8dde0', 'width': 640}, {'height': 300, 'url': 'https://i.scdn.co/image/ab67616d00001e02d73966976fd29781c3a8dde0', 'width': 300}, {'height': 64, 'url': 'https://i.scdn.co/image/ab67616d00004851d73966976fd29781c3a8dde0', 'width': 64}]",2020-06-20T06:19:41Z,2014-09-24,https://open.spotify.com/track/2tpfxAXiI52znho4WE3XFA,4NHQUGzhtTLFvgF5SZesLK,69,0.736,0.761,4,-5.449,0,0.0338,0.0966,0.0,0.0823,0.114,119.999,audio_features,spotify:track:2tpfxAXiI52znho4WE3XFA,https://api.spotify.com/v1/tracks/2tpfxAXiI52znho4WE3XFA,https://api.spotify.com/v1/audio-analysis/2tpfxAXiI52znho4WE3XFA,238427,4
023OVLNzXhX0j7CxswUt6D,Cheerleader - Felix Jaehn Remix Radio Edit,"[{'height': 640, 'url': 'https://i.scdn.co/image/ab67616d0000b2731c61cec78c70409b783d1480', 'width': 640}, {'height': 300, 'url': 'https://i.scdn.co/image/ab67616d00001e021c61cec78c70409b783d1480', 'width': 300}, {'height': 64, 'url': 'https://i.scdn.co/image/ab67616d000048511c61cec78c70409b783d1480', 'width': 64}]",2020-06-20T06:19:41Z,2015-10-16,https://open.spotify.com/track/023OVLNzXhX0j7CxswUt6D,5MouCg6ta7zAxsfMEbc1uh,69,0.78,0.68,4,-6.081,1,0.0305,0.141,1.2e-05,0.138,0.594,118.026,audio_features,spotify:track:023OVLNzXhX0j7CxswUt6D,https://api.spotify.com/v1/tracks/023OVLNzXhX0j7CxswUt6D,https://api.spotify.com/v1/audio-analysis/023OVLNzXhX0j7CxswUt6D,180560,4
